age,gender,daily_social_media_hours,platform_usage,sleep_hours,screen_time_before_sleep,academic_performance,physical_activity,social_interaction_level,stress_level,anxiety_level,addiction_level,depression_label,mental_health_risk_score,sleep_quality,digital_wellbeing_flag,age_group,screen_sleep_ratio,risk_score,risk_category,gender_encoded
18,male,6.1,TikTok,5.4,1.2,3.07,0.6,high,10,8,7,0,23,Fair,Healthy,17-19,1.13,25,Yüksek,1
19,female,5.2,All Platforms,5.6,1.2,2.91,0.8,low,8,10,5,0,23,Poor,Healthy,17-19,0.93,23,Yüksek,0
18,male,4.9,Instagram,8.1,2.0,3.48,1.4,low,9,8,3,1,22,Good,Healthy,17-19,0.6,20,Orta,1
16,male,6.3,Facebook,5.8,1.1,2.78,0.8,medium,9,8,6,0,25,Poor,Healthy,15-16,1.09,23,Yüksek,1
17,male,3.0,Instagram,8.5,1.5,3.59,1.0,medium,10,7,2,0,21,Fair,Moderate,17-19,0.35,19,Orta,1
18,female,4.2,All Platforms,7.5,1.9,3.71,0.7,high,9,8,5,0,22,Good,Healthy,17-19,0.56,22,Orta,0
15,male,3.4,Instagram,7.5,1.0,4.0,1.9,medium,4,8,5,0,16,Fair,Healthy,15-16,0.45,17,Düşük,1
16,male,3.8,TikTok,7.4,1.5,3.5,2.0,medium,10,9,5,1,22,Good,At Risk,15-16,0.51,24,Yüksek,1
15,male,2.6,All Platforms,9.0,2.3,3.95,1.7,low,5,6,3,0,17,Poor,Moderate,15-16,0.29,14,Düşük,1
17,female,3.6,TikTok,6.7,1.9,3.76,0.9,high,7,8,4,0,19,Fair,Healthy,17-19,0.54,19,Orta,0
18,male,4.2,Instagram,7.1,1.5,3.22,0.8,medium,8,7,6,0,22,Poor,At Risk,17-19,0.59,21,Orta,1
14,male,3.6,All Platforms,8.3,1.2,4.0,0.6,medium,8,7,1,0,18,Poor,Moderate,13-14,0.43,16,Düşük,1
18,male,3.9,All Platforms,6.7,0.9,3.18,1.8,low,8,8,3,0,20,Good,Healthy,17-19,0.58,19,Orta,1
17,male,4.8,YouTube,8.0,0.7,3.32,1.5,high,6,6,8,0,20,Poor,At Risk,17-19,0.6,20,Orta,1
18,female,6.2,TikTok,7.0,2.2,3.65,1.5,medium,10,9,5,1,25,Fair,Moderate,17-19,0.89,24,Yüksek,0
19,male,6.3,Instagram,6.5,2.1,3.63,0.9,low,10,10,7,0,26,Fair,Healthy,17-19,0.97,27,Yüksek,1
18,female,5.4,Instagram,6.4,0.9,3.2,0.1,low,10,9,7,0,23,Fair,Moderate,17-19,0.84,26,Yüksek,0
13,female,2.2,Instagram,7.4,1.5,4.0,0.2,medium,3,6,1,0,13,Good,At Risk,13-14,0.3,10,Düşük,0
18,female,3.6,YouTube,8.2,1.4,3.37,1.0,medium,6,6,2,0,13,Poor,At Risk,17-19,0.44,14,Düşük,0
18,male,3.8,Facebook,9.0,2.0,3.23,0.7,low,5,4,6,0,14,Good,Moderate,17-19,0.42,15,Düşük,1
15,female,3.1,Facebook,8.1,1.5,3.05,0.7,high,7,2,2,0,11,Good,Healthy,15-16,0.38,11,Düşük,0
14,male,4.7,Facebook,5.9,1.3,3.58,1.2,low,5,3,4,0,11,Fair,At Risk,13-14,0.8,12,Düşük,1
15,female,1.6,TikTok,9.0,1.0,4.0,1.5,medium,3,2,2,0,9,Good,Moderate,15-16,0.18,7,Düşük,0
15,female,6.9,Instagram,6.7,1.5,2.74,0.6,high,8,8,6,0,23,Poor,At Risk,15-16,1.03,22,Orta,0
16,female,6.1,TikTok,5.8,1.1,3.19,0.3,medium,5,4,7,0,15,Fair,Moderate,15-16,1.05,16,Düşük,0
13,female,5.0,YouTube,6.5,1.4,4.0,0.7,medium,8,5,4,0,14,Fair,Healthy,13-14,0.77,17,Düşük,0
15,female,4.1,Instagram,6.9,1.3,3.84,0.5,medium,3,4,2,0,10,Good,Healthy,15-16,0.59,9,Düşük,0
19,female,6.2,All Platforms,6.0,1.1,2.71,1.3,low,10,7,8,0,20,Good,At Risk,17-19,1.03,25,Yüksek,0
17,female,5.3,Instagram,6.7,0.7,3.61,1.0,high,7,8,4,0,19,Fair,Moderate,17-19,0.79,19,Orta,0
19,female,6.0,TikTok,5.9,1.6,2.74,1.9,medium,8,8,5,0,24,Good,At Risk,17-19,1.02,21,Orta,0
17,male,4.1,TikTok,6.6,1.3,2.23,1.4,high,6,7,6,0,19,Poor,Moderate,17-19,0.62,19,Orta,1
18,male,7.1,Facebook,6.1,2.4,2.93,1.9,low,10,5,7,0,24,Fair,Healthy,17-19,1.16,22,Orta,1
16,female,6.1,YouTube,6.3,0.7,3.71,0.3,low,10,9,8,0,25,Fair,At Risk,15-16,0.97,27,Yüksek,0
13,female,5.0,TikTok,6.7,1.7,3.81,0.0,low,10,9,7,0,30,Good,Moderate,13-14,0.75,26,Yüksek,0
19,female,6.2,TikTok,6.5,1.3,3.22,1.1,medium,10,7,6,1,25,Fair,Moderate,17-19,0.95,23,Yüksek,0
13,male,3.5,YouTube,6.7,2.6,3.26,1.1,medium,10,6,6,0,23,Fair,Healthy,13-14,0.52,22,Orta,1
19,female,2.3,TikTok,8.5,1.6,3.85,0.9,high,7,7,3,0,16,Poor,Healthy,17-19,0.27,17,Düşük,0
18,male,4.7,Facebook,6.9,1.5,3.19,1.0,medium,8,9,4,0,19,Poor,At Risk,17-19,0.68,21,Orta,1
17,male,4.1,YouTube,7.6,1.3,3.18,0.4,high,6,2,5,0,13,Poor,Healthy,17-19,0.54,13,Düşük,1
14,male,3.9,TikTok,7.8,0.9,3.84,1.3,low,6,5,3,0,16,Fair,Moderate,13-14,0.5,14,Düşük,1
16,male,6.1,TikTok,7.2,1.5,2.87,1.4,high,10,9,8,0,24,Good,Moderate,15-16,0.85,27,Yüksek,1
19,male,4.5,All Platforms,7.3,0.5,3.78,0.4,high,6,8,6,1,20,Fair,Healthy,17-19,0.62,20,Orta,1
19,female,4.6,Instagram,7.9,0.5,3.07,0.8,high,8,7,5,0,21,Fair,Healthy,17-19,0.58,20,Orta,0
18,female,3.7,Instagram,7.4,1.9,4.0,0.9,high,7,10,1,0,20,Poor,Healthy,17-19,0.5,18,Orta,0
16,female,5.6,Facebook,6.5,0.5,2.5,0.7,high,7,4,8,0,20,Good,Moderate,15-16,0.86,19,Orta,0
17,female,5.3,All Platforms,6.8,1.1,2.82,0.4,medium,6,3,6,0,12,Good,Moderate,17-19,0.78,15,Düşük,0
17,female,5.6,All Platforms,7.2,0.7,3.1,1.0,low,10,10,6,1,28,Poor,Healthy,17-19,0.78,26,Yüksek,0
19,male,3.4,Facebook,8.2,1.1,2.7,1.1,low,4,1,4,0,9,Good,Moderate,17-19,0.41,9,Düşük,1
14,female,6.3,Instagram,6.4,1.4,2.03,0.7,high,9,9,6,0,22,Fair,Moderate,13-14,0.98,24,Yüksek,0
14,female,7.1,TikTok,5.1,1.9,2.14,0.5,medium,10,9,7,1,26,Poor,Moderate,13-14,1.39,26,Yüksek,0
13,male,5.5,Facebook,7.2,2.0,3.06,1.2,high,9,7,7,0,19,Fair,Healthy,13-14,0.76,23,Yüksek,1
16,female,2.9,YouTube,7.4,0.7,3.46,0.6,medium,5,5,3,0,14,Fair,At Risk,15-16,0.39,13,Düşük,0
16,male,2.9,Instagram,7.4,1.0,3.7,0.8,low,4,3,3,0,10,Poor,At Risk,15-16,0.39,10,Düşük,1
17,female,3.6,All Platforms,7.4,3.0,3.38,0.8,low,7,6,4,0,14,Good,Healthy,17-19,0.49,17,Düşük,0
13,male,3.3,TikTok,7.8,1.1,3.62,1.6,medium,1,3,4,0,7,Good,At Risk,13-14,0.42,8,Düşük,1
18,female,4.1,Instagram,8.3,0.8,3.2,0.6,medium,8,7,4,0,18,Good,Moderate,17-19,0.49,19,Orta,0
16,female,5.2,TikTok,6.2,0.9,3.51,1.9,low,8,7,5,0,19,Fair,At Risk,15-16,0.84,20,Orta,0
13,male,4.7,Instagram,8.3,1.2,3.53,1.4,medium,10,9,6,0,20,Fair,At Risk,13-14,0.57,25,Yüksek,1
13,male,4.5,TikTok,7.9,1.1,3.19,1.9,low,5,8,4,0,14,Good,At Risk,13-14,0.57,17,Düşük,1
19,male,3.8,TikTok,6.6,1.2,3.64,1.3,medium,6,6,4,0,16,Fair,At Risk,17-19,0.58,16,Düşük,1
17,male,4.1,TikTok,7.2,1.3,3.31,0.9,low,8,9,8,1,24,Poor,Healthy,17-19,0.57,25,Yüksek,1
13,male,5.5,YouTube,6.0,1.3,2.57,0.5,high,9,7,6,1,24,Fair,Moderate,13-14,0.92,22,Orta,1
14,male,1.0,Facebook,9.0,0.7,4.0,0.8,medium,2,1,1,0,3,Good,Healthy,13-14,0.11,4,Düşük,1
14,male,4.2,YouTube,6.7,1.5,3.01,1.7,medium,6,7,3,1,15,Fair,Moderate,13-14,0.63,16,Düşük,1
15,male,4.7,All Platforms,6.0,1.4,3.65,1.0,low,10,9,3,0,21,Poor,Moderate,15-16,0.78,22,Orta,1
17,female,5.5,Instagram,6.5,1.6,3.3,1.3,low,9,10,8,1,27,Good,Moderate,17-19,0.85,27,Yüksek,0
19,female,2.6,Instagram,9.0,0.5,3.58,1.1,medium,3,6,5,0,14,Poor,Moderate,17-19,0.29,14,Düşük,0
18,male,2.5,All Platforms,8.1,1.4,2.87,1.1,medium,8,9,1,0,17,Fair,Healthy,17-19,0.31,18,Orta,1
15,female,5.1,TikTok,7.2,0.5,3.85,1.1,medium,5,7,6,0,19,Poor,Moderate,15-16,0.71,18,Orta,0
14,female,1.2,All Platforms,9.0,1.2,3.67,1.2,low,4,1,4,0,14,Fair,Moderate,13-14,0.13,9,Düşük,0
19,female,6.3,TikTok,5.3,1.7,3.31,0.6,medium,10,10,7,0,25,Good,Healthy,17-19,1.19,27,Yüksek,0
15,female,4.6,All Platforms,6.6,1.9,3.26,0.9,high,10,10,4,1,25,Fair,Healthy,15-16,0.7,24,Yüksek,0
17,male,6.7,TikTok,6.2,1.5,2.89,1.2,high,5,4,10,0,19,Poor,Healthy,17-19,1.08,19,Orta,1
19,female,2.5,All Platforms,7.9,1.7,3.7,1.1,low,7,7,1,0,17,Good,Moderate,17-19,0.32,15,Düşük,0
17,male,3.5,Instagram,8.9,1.1,3.49,0.8,medium,9,7,8,0,24,Good,Healthy,17-19,0.39,24,Yüksek,1
13,female,1.0,All Platforms,8.1,1.0,3.74,1.2,low,4,6,2,0,11,Good,Moderate,13-14,0.12,12,Düşük,0
16,female,2.9,TikTok,7.4,2.9,3.54,0.6,low,7,5,6,0,16,Poor,Moderate,15-16,0.39,18,Orta,0
13,female,3.9,YouTube,7.8,1.8,3.59,0.4,high,1,2,3,0,7,Fair,At Risk,13-14,0.5,6,Düşük,0
17,male,1.1,All Platforms,7.4,0.6,4.0,1.1,low,1,2,1,0,3,Good,Moderate,17-19,0.15,4,Düşük,1
19,female,3.6,Instagram,5.7,0.5,3.48,0.4,medium,9,10,3,0,24,Good,At Risk,17-19,0.63,22,Orta,0
14,male,1.0,YouTube,9.0,1.0,4.0,1.1,medium,4,6,2,0,13,Poor,Moderate,13-14,0.11,12,Düşük,1
18,female,3.8,YouTube,6.8,2.0,3.38,0.0,medium,6,9,5,1,20,Poor,Healthy,17-19,0.56,20,Orta,0
14,male,6.0,Instagram,6.9,1.3,3.99,0.6,medium,9,6,8,0,20,Fair,At Risk,13-14,0.87,23,Yüksek,1
19,female,4.1,YouTube,6.6,0.5,3.98,0.8,low,7,5,2,0,15,Good,At Risk,17-19,0.62,14,Düşük,0
13,male,6.9,YouTube,5.4,1.2,3.27,0.2,medium,9,10,7,0,29,Fair,At Risk,13-14,1.28,26,Yüksek,1
18,male,5.5,All Platforms,5.6,1.3,2.4,0.8,medium,9,6,7,0,21,Fair,Healthy,17-19,0.98,22,Orta,1
19,female,6.4,TikTok,5.8,0.5,3.28,1.6,low,6,5,8,0,18,Poor,Moderate,17-19,1.1,19,Orta,0
17,male,3.0,Instagram,7.5,1.3,3.42,0.4,medium,9,10,3,1,22,Good,Moderate,17-19,0.4,22,Orta,1
14,female,2.9,All Platforms,8.0,0.7,3.17,0.8,low,6,5,3,0,15,Good,Healthy,13-14,0.36,14,Düşük,0
17,female,4.8,All Platforms,6.8,0.5,3.38,1.9,low,6,3,5,0,13,Fair,Healthy,17-19,0.71,14,Düşük,0
18,female,1.7,Instagram,7.6,2.3,3.4,0.5,medium,3,4,3,0,12,Good,Moderate,17-19,0.22,10,Düşük,0
18,female,5.0,YouTube,6.6,0.7,3.45,1.7,low,8,5,7,0,24,Good,Healthy,17-19,0.76,20,Orta,0
14,female,3.7,TikTok,8.7,0.9,4.0,0.9,medium,6,8,3,0,18,Poor,Healthy,13-14,0.43,17,Düşük,0
17,female,6.3,TikTok,7.3,0.9,3.39,1.1,medium,6,5,5,0,15,Fair,Healthy,17-19,0.86,16,Düşük,0
15,female,5.3,Instagram,7.2,1.3,4.0,1.6,high,7,5,4,0,17,Fair,At Risk,15-16,0.74,16,Düşük,0
17,female,6.0,Instagram,7.0,2.4,2.48,0.8,low,7,7,7,0,23,Good,Healthy,17-19,0.86,21,Orta,0
18,female,3.0,YouTube,9.0,0.6,3.35,1.3,low,9,8,5,1,22,Fair,Moderate,17-19,0.33,22,Orta,0
17,female,5.9,TikTok,6.9,1.1,2.74,1.4,low,9,9,4,0,23,Fair,Moderate,17-19,0.86,22,Orta,0
19,female,6.5,All Platforms,6.7,1.4,3.52,0.7,medium,10,10,7,1,28,Good,Moderate,17-19,0.97,27,Yüksek,0
13,male,4.1,All Platforms,6.4,0.8,3.3,0.6,medium,6,6,6,1,16,Fair,At Risk,13-14,0.64,18,Orta,1
15,male,3.0,YouTube,7.2,1.1,3.63,0.9,low,6,4,5,0,16,Good,At Risk,15-16,0.42,15,Düşük,1
16,female,3.0,YouTube,8.0,1.7,3.8,0.9,high,7,8,5,0,17,Fair,Healthy,15-16,0.38,20,Orta,0
19,female,6.2,Instagram,5.8,0.8,2.49,0.5,low,10,8,5,1,22,Poor,At Risk,17-19,1.07,23,Yüksek,0
13,female,8.5,Facebook,4.6,1.1,2.48,0.7,medium,10,8,10,1,30,Good,Moderate,13-14,1.85,28,Yüksek,0
16,female,2.6,TikTok,7.6,1.0,3.38,0.0,medium,4,5,3,0,14,Good,Moderate,15-16,0.34,12,Düşük,0
14,female,2.5,TikTok,7.3,1.2,3.41,0.8,high,4,2,5,0,10,Fair,At Risk,13-14,0.34,11,Düşük,0
16,female,5.7,All Platforms,6.1,1.4,2.46,1.4,medium,8,8,7,1,26,Good,Healthy,15-16,0.93,23,Yüksek,0
19,female,3.0,Facebook,8.2,1.7,3.19,0.2,high,9,9,2,0,17,Good,At Risk,17-19,0.37,20,Orta,0
17,female,5.8,All Platforms,7.9,2.5,3.02,0.8,medium,7,9,7,0,23,Fair,Moderate,17-19,0.73,23,Yüksek,0
19,male,4.9,YouTube,7.6,0.5,3.33,2.0,high,7,6,7,0,21,Good,Moderate,17-19,0.64,20,Orta,1
16,female,4.2,YouTube,7.8,1.2,3.34,1.0,low,9,10,4,0,17,Poor,At Risk,15-16,0.54,23,Yüksek,0
18,male,4.9,Instagram,5.9,0.5,3.02,1.7,high,9,9,6,0,24,Poor,At Risk,17-19,0.83,24,Yüksek,1
13,female,4.8,All Platforms,7.2,1.1,3.66,0.5,medium,9,8,3,0,18,Poor,Healthy,13-14,0.67,20,Orta,0
13,female,3.9,All Platforms,7.5,1.8,3.36,1.2,high,7,10,5,0,20,Good,Healthy,13-14,0.52,22,Orta,0
16,male,1.4,TikTok,9.0,2.0,3.87,0.4,medium,3,4,2,0,8,Good,At Risk,15-16,0.16,9,Düşük,1
13,female,4.5,TikTok,7.0,2.0,3.1,1.2,medium,6,5,6,0,13,Poor,Healthy,13-14,0.64,17,Düşük,0
18,male,6.7,Instagram,7.4,2.0,3.6,1.4,medium,10,9,8,0,25,Fair,Healthy,17-19,0.91,27,Yüksek,1
19,female,1.6,Facebook,8.7,1.2,3.6,1.3,medium,7,6,2,0,11,Fair,Healthy,17-19,0.18,15,Düşük,0
13,female,2.7,All Platforms,8.3,2.1,3.62,0.8,low,3,5,2,0,10,Poor,Moderate,13-14,0.33,10,Düşük,0
16,male,4.9,TikTok,5.7,2.3,3.68,1.1,low,10,10,4,1,24,Good,Moderate,15-16,0.86,24,Yüksek,1
15,female,4.3,YouTube,7.3,1.4,3.47,1.1,low,10,9,4,0,22,Good,Moderate,15-16,0.59,23,Yüksek,0
15,male,4.9,Instagram,7.9,2.0,3.37,1.3,low,8,8,7,0,25,Fair,Healthy,15-16,0.62,23,Yüksek,1
14,female,3.1,All Platforms,8.3,1.3,2.75,0.9,high,7,8,1,0,15,Good,Healthy,13-14,0.37,16,Düşük,0
13,male,6.1,Facebook,4.9,2.1,3.36,1.5,low,10,10,5,0,25,Fair,At Risk,13-14,1.24,25,Yüksek,1
19,male,4.3,Facebook,7.0,1.2,3.38,1.7,high,6,6,6,0,16,Good,Moderate,17-19,0.61,18,Orta,1
16,female,5.3,Instagram,8.1,0.9,3.42,0.8,medium,10,9,8,0,22,Good,Healthy,15-16,0.65,27,Yüksek,0
13,female,4.7,Instagram,7.0,0.6,3.37,1.0,low,10,10,4,1,24,Fair,Healthy,13-14,0.67,24,Yüksek,0
17,male,4.5,TikTok,7.5,1.2,3.1,0.5,high,9,9,3,0,20,Poor,Healthy,17-19,0.6,21,Orta,1
18,female,5.2,TikTok,8.0,1.4,3.58,1.2,medium,8,5,8,0,24,Good,Healthy,17-19,0.65,21,Orta,0
13,female,4.5,All Platforms,7.1,0.7,3.4,1.2,medium,9,10,5,0,25,Fair,Moderate,13-14,0.63,24,Yüksek,0
13,female,2.3,Facebook,8.9,1.1,3.14,1.0,medium,3,5,2,0,9,Poor,Moderate,13-14,0.26,10,Düşük,0
15,male,5.9,All Platforms,6.8,1.0,3.64,1.1,medium,10,10,8,0,28,Poor,Healthy,15-16,0.87,28,Yüksek,1
18,male,5.5,All Platforms,7.2,0.7,2.6,2.0,low,10,7,7,0,26,Fair,At Risk,17-19,0.76,24,Yüksek,1
16,male,1.0,YouTube,9.0,1.9,4.0,0.0,high,8,8,3,1,20,Fair,Moderate,15-16,0.11,19,Orta,1
13,male,3.2,Facebook,7.5,2.0,4.0,0.8,high,7,8,3,0,21,Good,Healthy,13-14,0.43,18,Orta,1
15,male,5.9,All Platforms,6.2,1.9,2.67,0.8,medium,8,6,7,0,19,Good,At Risk,15-16,0.95,21,Orta,1
14,male,1.3,Facebook,8.3,1.2,3.76,1.7,low,4,4,4,0,14,Poor,Healthy,13-14,0.16,12,Düşük,1
18,male,5.7,TikTok,5.5,1.3,3.06,1.2,medium,10,10,7,0,26,Good,Moderate,17-19,1.04,27,Yüksek,1
15,male,4.0,Instagram,8.4,0.7,3.33,1.2,low,6,5,6,0,17,Poor,Healthy,15-16,0.48,17,Düşük,1
15,male,6.3,TikTok,6.4,1.5,3.79,1.6,low,9,8,9,0,25,Good,At Risk,15-16,0.98,26,Yüksek,1
19,female,4.2,All Platforms,8.2,1.4,2.93,0.9,low,8,6,5,0,19,Good,Moderate,17-19,0.51,19,Orta,0
15,male,3.0,YouTube,9.0,3.0,3.43,1.3,medium,5,8,3,0,16,Fair,Moderate,15-16,0.33,16,Düşük,1
19,female,4.7,TikTok,7.2,2.0,3.9,0.7,high,10,10,7,0,28,Good,Moderate,17-19,0.65,27,Yüksek,0
13,female,4.2,YouTube,6.5,1.5,3.24,0.5,medium,7,7,3,0,17,Fair,Healthy,13-14,0.65,17,Düşük,0
13,female,2.9,YouTube,7.9,1.3,3.19,1.9,medium,3,3,3,0,4,Fair,Healthy,13-14,0.37,9,Düşük,0
14,male,7.7,Instagram,5.2,1.9,2.95,1.2,medium,9,6,9,0,24,Good,At Risk,13-14,1.48,24,Yüksek,1
17,male,2.6,TikTok,6.8,0.8,3.93,1.3,medium,9,8,1,1,21,Fair,Moderate,17-19,0.38,18,Orta,1
17,male,1.0,YouTube,8.6,2.0,3.69,0.5,medium,3,5,2,0,10,Fair,Moderate,17-19,0.12,10,Düşük,1
17,male,6.7,Instagram,6.1,0.6,3.22,1.3,high,10,8,7,1,28,Fair,Moderate,17-19,1.1,25,Yüksek,1
19,female,3.3,Facebook,7.4,1.0,2.95,1.9,low,7,7,2,0,16,Good,Healthy,17-19,0.45,16,Düşük,0
18,male,3.7,Instagram,7.1,0.5,2.92,0.9,high,7,6,5,0,15,Fair,Healthy,17-19,0.52,18,Orta,1
18,male,3.6,All Platforms,6.8,1.7,3.28,0.4,medium,10,10,5,0,24,Poor,Healthy,17-19,0.53,25,Yüksek,1
14,male,3.3,YouTube,8.0,1.4,3.74,1.1,medium,4,4,4,0,11,Good,Healthy,13-14,0.41,12,Düşük,1
18,male,3.0,TikTok,9.0,1.0,3.85,0.5,medium,5,7,5,0,17,Good,Moderate,17-19,0.33,17,Düşük,1
17,male,2.6,All Platforms,9.0,0.7,3.14,0.2,medium,6,8,5,0,17,Poor,Healthy,17-19,0.29,19,Orta,1
17,female,4.3,Instagram,7.8,2.1,3.64,0.6,high,10,8,6,0,24,Poor,Healthy,17-19,0.55,24,Yüksek,0
15,male,3.6,TikTok,8.2,1.2,3.53,0.8,high,7,6,3,0,15,Poor,Healthy,15-16,0.44,16,Düşük,1
18,female,5.4,TikTok,6.7,0.8,2.84,0.5,medium,9,10,6,0,28,Fair,Healthy,17-19,0.81,25,Yüksek,0
13,male,5.0,Facebook,5.7,2.5,2.72,1.7,low,7,4,7,0,16,Fair,Moderate,13-14,0.88,18,Orta,1
13,female,2.7,YouTube,7.9,0.9,3.69,1.9,medium,7,8,3,0,18,Good,Healthy,13-14,0.34,18,Orta,0
15,male,4.4,YouTube,6.6,2.0,3.86,1.3,high,7,5,7,0,20,Good,At Risk,15-16,0.67,19,Orta,1
15,male,3.5,TikTok,7.9,0.6,3.49,1.2,low,8,9,5,0,24,Fair,Moderate,15-16,0.44,22,Orta,1
15,female,2.6,TikTok,9.0,1.1,3.24,0.9,medium,8,7,6,0,20,Fair,Moderate,15-16,0.29,21,Orta,0
13,female,5.3,TikTok,8.2,1.6,2.46,0.6,medium,8,7,4,0,19,Good,Healthy,13-14,0.65,19,Orta,0
17,female,4.0,Instagram,7.5,1.3,4.0,1.8,medium,5,4,4,0,14,Fair,Healthy,17-19,0.53,13,Düşük,0
15,male,3.5,YouTube,6.6,1.4,3.89,1.0,low,7,5,4,0,13,Good,Healthy,15-16,0.53,16,Düşük,1
14,female,2.8,Instagram,8.1,1.0,3.7,0.8,medium,9,10,4,0,22,Fair,Healthy,13-14,0.35,23,Yüksek,0
19,male,2.6,Instagram,8.3,0.5,4.0,1.5,high,4,5,2,0,11,Poor,Moderate,17-19,0.31,11,Düşük,1
15,male,7.4,All Platforms,6.3,2.2,2.98,1.0,low,10,10,5,0,25,Good,Healthy,15-16,1.17,25,Yüksek,1
19,female,4.7,Instagram,7.1,1.0,3.08,1.5,low,5,4,6,0,15,Fair,Moderate,17-19,0.66,15,Düşük,0
16,female,2.5,Instagram,8.3,1.5,3.85,0.8,high,4,4,3,0,12,Good,Moderate,15-16,0.3,11,Düşük,0
15,male,4.7,Facebook,6.7,1.7,2.96,1.5,low,10,8,5,0,27,Poor,At Risk,15-16,0.7,23,Yüksek,1
13,male,5.9,Instagram,6.3,1.5,2.72,1.5,high,10,9,5,1,23,Poor,Healthy,13-14,0.94,24,Yüksek,1
18,female,4.5,YouTube,7.6,0.9,3.63,1.7,medium,8,10,5,1,24,Good,Healthy,17-19,0.59,23,Yüksek,0
15,female,6.4,All Platforms,4.9,2.0,3.38,0.6,low,4,6,5,0,18,Poor,Moderate,15-16,1.31,15,Düşük,0
18,female,1.7,All Platforms,8.4,1.6,3.24,1.0,high,4,3,2,0,5,Good,At Risk,17-19,0.2,9,Düşük,0
16,male,1.0,TikTok,9.0,1.4,3.36,2.0,medium,6,8,1,0,16,Fair,Healthy,15-16,0.11,15,Düşük,1
14,male,4.6,All Platforms,8.3,1.4,3.13,0.9,medium,5,7,4,0,13,Fair,At Risk,13-14,0.55,16,Düşük,1
18,male,4.6,Instagram,6.9,2.3,3.03,1.4,medium,7,8,6,0,25,Good,Healthy,17-19,0.67,21,Orta,1
19,male,1.0,TikTok,9.0,0.9,4.0,2.0,medium,6,5,3,0,15,Fair,Healthy,17-19,0.11,14,Düşük,1
17,male,3.2,Instagram,9.0,1.5,3.54,0.1,low,4,4,3,0,12,Fair,Moderate,17-19,0.36,11,Düşük,1
15,male,2.6,All Platforms,7.9,1.0,4.0,0.9,medium,3,4,5,0,8,Poor,At Risk,15-16,0.33,12,Düşük,1
16,female,2.0,Instagram,8.1,0.5,3.83,1.0,high,3,3,1,0,6,Poor,Healthy,15-16,0.25,7,Düşük,0
16,male,2.6,Instagram,8.1,0.5,3.35,0.1,low,7,9,1,0,16,Fair,Healthy,15-16,0.32,17,Düşük,1
18,male,5.2,YouTube,6.8,0.7,2.46,0.8,medium,7,6,4,0,21,Good,Moderate,17-19,0.76,17,Düşük,1
14,male,2.6,TikTok,9.0,0.9,3.68,0.5,medium,8,5,2,0,16,Good,Healthy,13-14,0.29,15,Düşük,1
13,female,2.6,TikTok,7.7,2.6,2.93,1.4,high,6,4,1,0,8,Good,At Risk,13-14,0.34,11,Düşük,0
15,male,1.6,TikTok,9.0,1.7,3.5,0.1,low,9,6,5,1,21,Good,Moderate,15-16,0.18,20,Orta,1
16,male,6.2,TikTok,5.8,1.8,2.78,1.9,high,6,6,4,0,13,Good,Healthy,15-16,1.07,16,Düşük,1
14,female,4.9,TikTok,6.2,0.9,3.06,1.3,medium,9,9,7,0,22,Good,Healthy,13-14,0.79,25,Yüksek,0
17,male,1.0,TikTok,9.0,1.3,3.32,0.5,low,3,4,2,0,10,Fair,At Risk,17-19,0.11,9,Düşük,1
16,male,2.6,YouTube,9.0,2.7,3.32,1.5,low,7,8,4,0,20,Good,Healthy,15-16,0.29,19,Orta,1
14,male,5.0,TikTok,7.1,0.6,3.71,1.3,low,8,7,4,0,20,Good,Moderate,13-14,0.7,19,Orta,1
13,male,6.3,Instagram,6.7,1.6,3.51,1.0,medium,7,7,7,1,25,Fair,Moderate,13-14,0.94,21,Orta,1
13,male,5.5,All Platforms,8.1,2.3,3.79,0.6,medium,8,10,5,1,24,Poor,At Risk,13-14,0.68,23,Yüksek,1
16,female,3.6,Instagram,8.6,1.9,3.46,1.3,high,7,9,6,0,22,Fair,Healthy,15-16,0.42,22,Orta,0
19,female,1.1,YouTube,9.0,2.4,3.94,1.1,medium,4,5,3,0,10,Fair,At Risk,17-19,0.12,12,Düşük,0
16,female,5.6,TikTok,7.4,1.4,3.62,0.7,low,10,10,6,0,28,Good,Moderate,15-16,0.76,26,Yüksek,0
18,male,3.7,TikTok,8.4,1.7,2.86,0.3,medium,5,3,4,0,9,Fair,Moderate,17-19,0.44,12,Düşük,1
15,male,4.3,TikTok,7.9,1.4,3.68,0.6,medium,10,8,6,1,28,Fair,Healthy,15-16,0.54,24,Yüksek,1
14,male,3.9,TikTok,7.8,1.6,3.94,0.7,low,9,8,5,0,24,Good,Healthy,13-14,0.5,22,Orta,1
16,female,2.0,TikTok,8.3,0.8,3.34,1.6,low,6,5,4,0,21,Poor,Healthy,15-16,0.24,15,Düşük,0
15,male,4.8,TikTok,7.0,1.8,3.83,1.4,low,10,7,7,0,25,Fair,Moderate,15-16,0.69,24,Yüksek,1
18,male,4.6,TikTok,7.1,1.5,4.0,0.8,medium,7,8,5,1,22,Poor,Moderate,17-19,0.65,20,Orta,1
15,female,3.5,TikTok,7.5,1.3,3.79,0.8,medium,8,10,3,0,20,Good,Moderate,15-16,0.47,21,Orta,0
16,male,5.0,Instagram,6.6,2.3,3.49,1.5,medium,8,8,7,0,23,Good,Healthy,15-16,0.76,23,Yüksek,1
13,female,2.0,TikTok,8.7,1.1,3.25,1.1,high,7,8,3,0,16,Fair,Healthy,13-14,0.23,18,Orta,0
14,female,3.8,Instagram,7.4,2.0,3.86,1.1,high,10,9,5,1,21,Good,At Risk,13-14,0.51,24,Yüksek,0
14,female,4.2,Instagram,7.5,2.1,2.96,0.6,medium,8,7,6,0,21,Fair,Healthy,13-14,0.56,21,Orta,0
13,male,1.4,YouTube,7.3,1.8,3.94,0.9,high,7,8,4,0,19,Good,At Risk,13-14,0.19,19,Orta,1
19,male,4.1,TikTok,7.0,0.7,3.57,1.0,low,6,4,5,0,13,Good,Moderate,17-19,0.59,15,Düşük,1
16,male,5.4,Facebook,7.6,1.5,2.0,1.0,low,8,5,5,0,16,Good,Moderate,15-16,0.71,18,Orta,1
14,male,3.7,TikTok,7.0,2.5,3.61,1.4,low,10,7,7,0,24,Poor,Moderate,13-14,0.53,24,Yüksek,1
16,male,4.1,TikTok,7.9,0.5,4.0,1.4,low,8,9,7,0,22,Good,Moderate,15-16,0.52,24,Yüksek,1
18,male,5.1,All Platforms,6.4,1.2,2.4,0.5,medium,9,8,4,0,22,Good,Moderate,17-19,0.8,21,Orta,1
16,male,3.6,All Platforms,8.2,2.0,3.44,0.7,high,5,6,3,0,12,Fair,Moderate,15-16,0.44,14,Düşük,1
15,female,3.7,TikTok,7.4,1.2,2.67,0.7,low,9,10,3,1,23,Good,Healthy,15-16,0.5,22,Orta,0
13,male,2.3,TikTok,8.1,1.8,3.3,1.7,low,4,3,4,0,9,Fair,Moderate,13-14,0.28,11,Düşük,1
19,female,4.2,Facebook,7.4,2.1,2.6,2.0,medium,5,7,8,0,18,Good,At Risk,17-19,0.57,20,Orta,0
16,male,3.7,Facebook,6.7,1.4,3.51,0.8,high,7,6,4,0,12,Poor,Healthy,15-16,0.55,17,Düşük,1
19,male,5.0,TikTok,7.7,1.6,3.57,0.9,medium,3,3,6,0,12,Good,Moderate,17-19,0.65,12,Düşük,1
19,male,5.1,TikTok,7.9,1.4,3.4,1.4,medium,9,8,4,0,24,Fair,Moderate,17-19,0.65,21,Orta,1
18,female,5.5,Instagram,6.5,1.5,2.8,0.6,low,9,9,9,1,30,Poor,Healthy,17-19,0.85,27,Yüksek,0
17,female,3.4,Instagram,8.2,2.6,3.25,1.4,low,6,6,5,0,18,Poor,Moderate,17-19,0.41,17,Düşük,0
13,female,1.0,YouTube,9.0,1.3,3.96,1.0,high,4,6,1,0,7,Poor,At Risk,13-14,0.11,11,Düşük,0
19,female,5.4,Instagram,6.7,1.1,2.83,0.1,high,8,8,3,0,21,Fair,Moderate,17-19,0.81,19,Orta,0
14,male,4.9,Instagram,6.3,1.9,2.73,0.3,low,6,6,7,0,19,Fair,Healthy,13-14,0.78,19,Orta,1
15,female,3.2,Facebook,9.0,0.8,3.42,0.8,high,7,6,3,0,15,Fair,Moderate,15-16,0.36,16,Düşük,0
14,male,5.1,TikTok,6.7,0.9,2.86,1.6,medium,8,8,7,0,25,Fair,Healthy,13-14,0.76,23,Yüksek,1
18,male,1.9,TikTok,8.1,0.9,3.88,0.6,high,6,4,3,0,14,Fair,Moderate,17-19,0.23,13,Düşük,1
18,female,5.8,YouTube,7.7,1.1,3.65,0.7,medium,8,6,3,0,21,Good,At Risk,17-19,0.75,17,Düşük,0
14,female,3.7,All Platforms,8.1,1.2,4.0,1.1,medium,6,6,3,0,12,Poor,Moderate,13-14,0.46,15,Düşük,0
13,female,2.9,Instagram,8.2,1.7,3.7,0.2,medium,7,8,3,0,15,Good,Healthy,13-14,0.35,18,Orta,0
14,female,3.2,YouTube,7.2,1.1,3.78,1.1,medium,8,10,3,0,19,Good,At Risk,13-14,0.44,21,Orta,0
16,female,3.8,TikTok,8.2,1.7,3.19,0.2,low,6,6,5,0,16,Good,Moderate,15-16,0.46,17,Düşük,0
14,female,4.2,Instagram,9.0,1.8,3.16,1.3,low,8,5,5,0,21,Fair,Moderate,13-14,0.47,18,Orta,0
15,female,4.3,YouTube,8.0,0.9,3.87,0.6,medium,8,6,8,0,21,Good,Moderate,15-16,0.54,22,Orta,0
15,female,3.5,TikTok,8.1,1.8,3.36,0.5,medium,4,6,5,0,14,Poor,Healthy,15-16,0.43,15,Düşük,0
17,male,4.5,TikTok,7.8,1.9,3.35,1.1,low,10,8,7,0,26,Poor,At Risk,17-19,0.58,25,Yüksek,1
15,female,4.2,Instagram,7.2,0.5,3.86,1.4,medium,10,7,4,0,23,Poor,Moderate,15-16,0.58,21,Orta,0
14,female,3.2,TikTok,7.7,1.5,3.41,1.2,high,6,7,6,0,15,Good,At Risk,13-14,0.42,19,Orta,0
15,male,2.9,Instagram,7.8,1.0,4.0,1.1,low,6,7,3,0,18,Poor,Healthy,15-16,0.37,16,Düşük,1
13,female,5.2,TikTok,6.5,2.1,3.45,1.1,medium,8,5,4,0,16,Fair,At Risk,13-14,0.8,17,Düşük,0
19,male,5.0,Instagram,6.8,1.0,3.43,1.2,medium,9,7,4,0,20,Good,Moderate,17-19,0.74,20,Orta,1
15,male,4.3,TikTok,7.1,0.5,3.1,1.2,high,8,9,1,0,21,Good,Healthy,15-16,0.61,18,Orta,1
16,female,5.7,All Platforms,6.5,1.3,3.35,0.8,low,5,7,7,0,19,Fair,Healthy,15-16,0.88,19,Orta,0
13,male,1.1,YouTube,8.8,0.8,3.66,1.3,medium,3,2,1,0,3,Poor,Moderate,13-14,0.12,6,Düşük,1
17,male,3.3,YouTube,8.0,1.8,3.69,0.6,high,8,5,6,0,16,Good,Moderate,17-19,0.41,19,Orta,1
16,male,2.3,Facebook,8.4,0.8,3.61,1.5,high,6,7,3,0,16,Fair,Moderate,15-16,0.27,16,Düşük,1
14,male,7.8,Instagram,5.7,1.3,3.22,1.4,medium,8,7,6,0,20,Poor,Moderate,13-14,1.37,21,Orta,1
19,female,5.3,TikTok,7.9,2.2,3.19,2.0,medium,10,9,4,0,23,Poor,At Risk,17-19,0.67,23,Yüksek,0
14,male,4.1,YouTube,7.5,2.0,4.0,1.3,medium,6,7,5,0,17,Good,Moderate,13-14,0.55,18,Orta,1
19,female,5.5,YouTube,8.3,1.6,3.06,1.5,high,8,6,3,0,19,Good,Moderate,17-19,0.66,17,Düşük,0
19,male,6.0,Facebook,6.7,1.2,2.89,0.2,medium,8,7,7,1,22,Good,Moderate,17-19,0.9,22,Orta,1
14,male,6.0,Instagram,6.2,1.5,3.24,1.5,low,7,6,4,0,13,Good,Healthy,13-14,0.97,17,Düşük,1
16,male,5.7,TikTok,7.6,1.7,3.58,1.6,high,9,7,5,0,23,Fair,Healthy,15-16,0.75,21,Orta,1
16,male,3.8,Instagram,7.5,0.7,3.86,1.8,medium,8,8,5,0,25,Fair,Moderate,15-16,0.51,21,Orta,1
19,female,3.4,Instagram,6.1,1.8,3.56,1.1,medium,6,6,5,0,17,Fair,At Risk,17-19,0.56,17,Düşük,0
16,female,2.7,YouTube,8.1,0.6,3.73,0.8,low,5,3,5,0,13,Fair,At Risk,15-16,0.33,13,Düşük,0
19,male,5.0,YouTube,6.8,1.6,3.39,0.5,medium,9,9,4,0,20,Fair,Healthy,17-19,0.74,22,Orta,1
19,male,3.9,Instagram,8.7,0.6,2.98,0.5,medium,3,4,4,0,11,Good,Moderate,17-19,0.45,11,Düşük,1
13,female,3.5,All Platforms,7.1,2.5,3.88,1.0,medium,5,7,6,0,19,Fair,At Risk,13-14,0.49,18,Orta,0
18,male,3.4,YouTube,7.6,1.8,2.99,0.1,low,7,5,4,0,18,Good,Moderate,17-19,0.45,16,Düşük,1
13,male,6.5,TikTok,7.1,0.5,2.59,0.6,medium,8,6,7,0,22,Fair,Moderate,13-14,0.92,21,Orta,1
14,male,5.7,TikTok,6.9,1.3,3.17,1.0,high,7,7,6,0,24,Fair,Moderate,13-14,0.83,20,Orta,1
18,female,7.1,TikTok,5.8,1.0,2.81,1.0,low,10,7,9,0,26,Fair,Moderate,17-19,1.22,26,Yüksek,0
15,female,5.0,TikTok,6.5,0.9,3.57,0.5,high,7,6,5,0,16,Fair,At Risk,15-16,0.77,18,Orta,0
14,female,4.3,TikTok,7.6,1.4,3.53,0.4,medium,10,7,3,0,18,Good,Healthy,13-14,0.57,20,Orta,0
17,male,4.2,TikTok,7.4,0.7,3.43,0.5,high,4,4,3,0,13,Poor,Moderate,17-19,0.57,11,Düşük,1
13,male,2.6,Instagram,7.7,1.8,3.16,0.9,high,2,3,4,0,11,Fair,Healthy,13-14,0.34,9,Düşük,1
16,female,2.2,TikTok,7.9,1.7,3.68,2.0,medium,8,8,1,0,14,Poor,Healthy,15-16,0.28,17,Düşük,0
13,female,5.0,All Platforms,6.4,1.5,3.23,1.5,medium,6,6,5,0,17,Fair,Moderate,13-14,0.78,17,Düşük,0
16,female,2.7,TikTok,7.5,1.3,3.68,1.1,high,4,5,4,0,13,Fair,Moderate,15-16,0.36,13,Düşük,0
18,female,4.5,Instagram,7.9,1.7,3.15,1.3,medium,10,9,4,0,21,Good,Moderate,17-19,0.57,23,Yüksek,0
17,male,6.0,Instagram,7.1,1.8,3.38,1.5,medium,8,7,7,0,19,Good,Moderate,17-19,0.85,22,Orta,1
18,female,3.1,All Platforms,8.6,1.6,3.4,1.3,medium,8,7,5,0,18,Fair,Healthy,17-19,0.36,20,Orta,0
17,male,7.4,TikTok,5.8,0.5,3.06,0.8,high,9,10,8,0,25,Good,Healthy,17-19,1.28,27,Yüksek,1
13,female,2.6,Instagram,8.0,0.8,3.93,0.6,high,7,7,1,0,12,Fair,At Risk,13-14,0.32,15,Düşük,0
16,male,5.8,All Platforms,6.4,1.1,2.92,0.9,high,8,6,6,0,22,Fair,At Risk,15-16,0.91,20,Orta,1
18,female,4.9,All Platforms,7.8,0.5,2.96,1.5,medium,6,7,6,0,20,Poor,Healthy,17-19,0.63,19,Orta,0
17,female,6.1,Facebook,5.2,1.4,3.38,0.9,high,10,10,6,0,25,Fair,Healthy,17-19,1.17,26,Yüksek,0
19,female,2.4,TikTok,7.9,2.1,3.11,0.4,low,8,7,4,0,15,Fair,Healthy,17-19,0.3,19,Orta,0
14,female,7.9,TikTok,4.9,2.1,3.26,0.1,medium,9,8,9,0,25,Fair,At Risk,13-14,1.61,26,Yüksek,0
14,male,3.9,YouTube,8.5,1.7,3.42,0.9,low,7,4,4,1,16,Poor,Moderate,13-14,0.46,15,Düşük,1
18,female,5.3,All Platforms,6.5,1.7,3.16,0.5,medium,10,8,4,0,21,Poor,Healthy,17-19,0.82,22,Orta,0
16,male,6.5,YouTube,5.1,2.6,3.24,0.8,medium,7,8,7,0,20,Fair,Healthy,15-16,1.27,22,Orta,1
19,male,3.2,YouTube,8.1,1.8,3.71,1.7,medium,5,4,7,0,16,Good,Moderate,17-19,0.4,16,Düşük,1
18,male,5.5,TikTok,6.5,1.9,3.18,1.0,medium,9,8,5,0,23,Fair,At Risk,17-19,0.85,22,Orta,1
13,male,3.0,Facebook,7.6,0.5,3.9,0.6,medium,10,8,5,0,19,Fair,Moderate,13-14,0.39,23,Yüksek,1
17,female,6.4,TikTok,5.8,2.1,2.77,1.2,medium,9,9,7,0,28,Poor,Moderate,17-19,1.1,25,Yüksek,0
13,male,3.0,Instagram,7.5,1.5,3.83,2.0,low,8,8,2,1,16,Fair,Moderate,13-14,0.4,18,Orta,1
14,male,4.3,Instagram,7.8,1.3,2.92,0.9,medium,5,6,4,0,14,Fair,Healthy,13-14,0.55,15,Düşük,1
17,male,4.7,Instagram,7.3,1.1,3.5,0.0,low,8,6,5,0,21,Poor,Moderate,17-19,0.64,19,Orta,1
18,female,5.5,TikTok,6.6,1.0,3.04,1.3,low,8,8,7,0,23,Fair,Healthy,17-19,0.83,23,Yüksek,0
13,female,7.3,TikTok,5.1,2.1,2.38,1.2,medium,10,10,10,1,30,Poor,At Risk,13-14,1.43,30,Yüksek,0
15,female,3.5,YouTube,7.6,1.3,3.58,1.0,medium,10,10,4,0,27,Poor,Healthy,15-16,0.46,24,Yüksek,0
16,female,6.0,Instagram,6.7,1.0,3.09,0.9,medium,10,9,5,0,21,Poor,Healthy,15-16,0.9,24,Yüksek,0
19,male,7.4,YouTube,6.0,0.8,2.27,0.6,medium,9,5,5,0,21,Poor,At Risk,17-19,1.23,19,Orta,1
19,male,4.5,TikTok,7.4,1.4,2.48,1.8,medium,8,7,4,0,22,Poor,At Risk,17-19,0.61,19,Orta,1
16,female,3.3,Instagram,7.2,1.1,3.44,0.1,high,7,9,2,0,17,Fair,Moderate,15-16,0.46,18,Orta,0
15,male,1.4,YouTube,7.1,0.9,4.0,0.8,medium,4,7,3,1,13,Good,At Risk,15-16,0.2,14,Düşük,1
14,male,7.2,TikTok,7.2,0.5,3.05,0.8,medium,10,10,8,1,24,Fair,Healthy,13-14,1.0,28,Yüksek,1
17,male,3.8,Instagram,6.7,1.9,3.16,1.4,low,9,7,4,0,22,Fair,Healthy,17-19,0.57,20,Orta,1
16,female,2.6,TikTok,6.8,1.2,4.0,1.6,medium,5,6,4,0,10,Fair,Moderate,15-16,0.38,15,Düşük,0
15,female,2.0,TikTok,8.6,0.6,4.0,0.9,medium,4,6,3,0,15,Good,Moderate,15-16,0.23,13,Düşük,0
18,male,2.6,All Platforms,7.0,1.1,4.0,1.1,medium,5,7,6,0,15,Fair,Moderate,17-19,0.37,18,Orta,1
19,female,5.7,Instagram,6.1,1.6,3.42,1.1,medium,6,7,7,0,23,Poor,Healthy,17-19,0.93,20,Orta,0
15,female,5.9,Facebook,6.9,1.3,3.47,1.5,medium,10,10,8,1,29,Fair,At Risk,15-16,0.86,28,Yüksek,0
14,female,5.2,TikTok,8.1,1.4,3.51,1.5,medium,7,7,4,0,20,Poor,Moderate,13-14,0.64,18,Orta,0
14,female,4.4,YouTube,7.6,1.3,3.15,0.7,high,6,6,3,0,13,Fair,Moderate,13-14,0.58,15,Düşük,0
13,female,2.2,Facebook,8.1,0.5,3.02,1.2,high,7,6,4,0,14,Fair,Moderate,13-14,0.27,17,Düşük,0
16,male,3.0,YouTube,8.0,1.9,3.34,1.2,medium,6,7,1,0,10,Good,At Risk,15-16,0.38,14,Düşük,1
13,female,2.4,Instagram,7.0,0.5,4.0,0.9,high,5,7,2,0,16,Fair,Healthy,13-14,0.34,14,Düşük,0
19,male,5.1,TikTok,6.6,1.6,3.08,1.2,low,10,10,7,0,28,Good,At Risk,17-19,0.77,27,Yüksek,1
15,male,2.5,Instagram,7.9,1.7,3.57,1.0,low,5,4,2,0,12,Good,At Risk,15-16,0.32,11,Düşük,1
17,female,3.1,All Platforms,8.1,1.2,3.07,1.1,low,2,2,2,0,7,Poor,Healthy,17-19,0.38,6,Düşük,0
17,male,3.9,Facebook,8.9,1.5,3.19,0.3,medium,10,10,6,0,27,Fair,Healthy,17-19,0.44,26,Yüksek,1
14,male,1.5,All Platforms,7.4,1.1,3.77,0.5,high,4,5,5,0,13,Fair,At Risk,13-14,0.2,14,Düşük,1
17,male,4.3,TikTok,7.1,1.5,3.55,1.4,low,6,7,4,0,18,Fair,At Risk,17-19,0.61,17,Düşük,1
17,female,4.0,Facebook,6.2,1.9,3.22,0.4,high,6,6,6,0,16,Fair,At Risk,17-19,0.65,18,Orta,0
19,female,6.1,All Platforms,6.1,0.8,2.87,1.2,low,9,10,5,1,23,Good,Moderate,17-19,1.0,24,Yüksek,0
17,male,2.9,TikTok,7.4,1.7,3.9,1.0,high,6,6,3,0,21,Good,At Risk,17-19,0.39,15,Düşük,1
15,female,2.1,TikTok,7.4,2.3,3.82,1.5,medium,8,9,3,0,20,Fair,At Risk,15-16,0.28,20,Orta,0
17,female,3.6,Facebook,8.3,1.5,3.64,1.3,low,10,9,3,0,18,Fair,Moderate,17-19,0.43,22,Orta,0
18,female,2.4,YouTube,8.5,1.0,4.0,0.8,medium,5,3,4,0,11,Good,Healthy,17-19,0.28,12,Düşük,0
17,female,4.3,Facebook,7.9,2.7,3.15,0.9,low,6,5,3,0,12,Good,Moderate,17-19,0.54,14,Düşük,0
17,male,1.2,TikTok,8.5,1.4,3.8,0.0,low,4,4,2,0,10,Good,Healthy,17-19,0.14,10,Düşük,1
13,male,3.2,Facebook,7.9,1.4,3.74,0.9,medium,7,9,5,0,19,Poor,At Risk,13-14,0.41,21,Orta,1
15,female,2.7,TikTok,9.0,1.5,3.25,0.4,high,6,8,5,0,19,Fair,Healthy,15-16,0.3,19,Orta,0
14,female,5.1,TikTok,6.9,1.6,3.33,0.9,medium,7,7,6,0,19,Poor,Healthy,13-14,0.74,20,Orta,0
13,male,2.9,TikTok,8.6,1.1,3.57,0.7,medium,4,4,6,0,14,Fair,Healthy,13-14,0.34,14,Düşük,1
16,male,1.4,Facebook,8.4,1.4,4.0,0.6,medium,1,1,2,0,3,Poor,Healthy,15-16,0.17,4,Düşük,1
15,female,3.9,YouTube,8.1,1.9,3.45,1.6,medium,5,7,2,0,15,Fair,Healthy,15-16,0.48,14,Düşük,0
18,male,4.7,Instagram,6.8,1.1,3.76,0.4,low,10,7,5,0,26,Good,Moderate,17-19,0.69,22,Orta,1
15,female,3.8,Instagram,6.3,1.0,3.76,0.5,medium,8,7,4,1,17,Poor,At Risk,15-16,0.6,19,Orta,0
16,female,3.2,All Platforms,7.9,1.1,3.06,0.7,low,6,10,1,0,18,Fair,Moderate,15-16,0.41,17,Düşük,0
16,male,3.1,Instagram,7.6,0.6,2.92,0.8,low,8,7,2,0,12,Fair,Healthy,15-16,0.41,17,Düşük,1
16,male,4.4,Facebook,6.2,0.9,3.44,0.6,medium,5,4,3,0,12,Fair,Healthy,15-16,0.71,12,Düşük,1
19,female,2.8,Instagram,8.2,0.9,4.0,0.8,low,6,4,2,0,12,Poor,Moderate,17-19,0.34,12,Düşük,0
14,female,3.7,Instagram,7.0,1.3,3.56,1.2,medium,3,8,4,0,14,Fair,At Risk,13-14,0.53,15,Düşük,0
17,male,5.4,Instagram,9.0,1.8,3.22,1.3,medium,9,9,5,0,19,Good,Moderate,17-19,0.6,23,Yüksek,1
15,female,2.1,Instagram,7.4,2.2,3.57,1.3,low,6,5,2,0,13,Poor,Healthy,15-16,0.28,13,Düşük,0
19,male,4.1,Facebook,6.6,1.3,2.86,0.0,medium,8,7,3,1,21,Poor,Moderate,17-19,0.62,18,Orta,1
17,female,1.3,Instagram,9.0,1.6,3.42,1.2,low,7,6,3,0,16,Fair,Moderate,17-19,0.14,16,Düşük,0
17,male,4.6,TikTok,7.1,1.4,2.66,1.2,high,9,6,5,0,21,Good,Moderate,17-19,0.65,20,Orta,1
18,male,2.6,All Platforms,8.8,0.5,3.17,0.7,medium,4,6,4,0,16,Good,Moderate,17-19,0.3,14,Düşük,1
16,male,5.8,Instagram,6.9,0.6,2.92,1.8,high,10,9,9,0,30,Good,Healthy,15-16,0.84,28,Yüksek,1
14,female,1.8,YouTube,7.4,1.8,4.0,1.5,medium,5,7,3,0,13,Fair,Healthy,13-14,0.24,15,Düşük,0
18,female,4.9,All Platforms,6.1,1.8,3.09,0.9,low,4,5,5,0,12,Fair,Healthy,17-19,0.8,14,Düşük,0
13,male,6.2,YouTube,7.1,1.8,3.17,0.7,medium,9,8,6,1,22,Poor,Moderate,13-14,0.87,23,Yüksek,1
19,female,2.6,TikTok,7.3,1.2,3.66,1.8,high,7,4,3,0,15,Fair,Moderate,17-19,0.36,14,Düşük,0
19,male,2.8,All Platforms,8.5,0.5,3.78,1.0,medium,4,6,4,0,9,Good,At Risk,17-19,0.33,14,Düşük,1
14,male,2.7,YouTube,8.8,0.7,3.18,1.0,high,9,7,3,1,20,Fair,Healthy,13-14,0.31,19,Orta,1
17,female,3.4,Instagram,7.7,0.8,3.91,1.0,high,5,4,1,0,10,Good,Moderate,17-19,0.44,10,Düşük,0
19,female,5.0,TikTok,6.8,1.7,2.69,2.0,low,7,6,5,0,17,Good,Moderate,17-19,0.74,18,Orta,0
14,male,3.3,Facebook,7.2,1.1,3.33,0.9,low,5,2,4,0,12,Poor,Moderate,13-14,0.46,11,Düşük,1
19,female,2.4,YouTube,8.6,2.3,3.63,1.0,medium,3,3,5,0,13,Good,Healthy,17-19,0.28,11,Düşük,0
19,female,1.0,YouTube,6.9,2.2,4.0,0.6,medium,3,3,1,0,9,Poor,At Risk,17-19,0.14,7,Düşük,0
16,male,6.8,All Platforms,6.6,2.3,3.53,0.8,high,8,7,5,0,20,Fair,Healthy,15-16,1.03,20,Orta,1
13,male,6.9,Facebook,6.1,0.8,3.27,0.5,high,9,6,7,1,23,Poor,Moderate,13-14,1.13,22,Orta,1
16,female,5.1,TikTok,6.8,1.6,3.8,0.6,medium,2,5,7,0,15,Poor,Moderate,15-16,0.75,14,Düşük,0
13,male,2.9,Instagram,8.2,1.0,3.23,0.1,low,8,8,3,0,21,Fair,At Risk,13-14,0.35,19,Orta,1
19,male,5.4,TikTok,5.8,1.5,3.67,1.4,high,10,8,9,0,28,Fair,Moderate,17-19,0.93,27,Yüksek,1
18,female,5.7,Facebook,5.0,0.8,3.55,1.1,low,10,8,9,0,28,Fair,Moderate,17-19,1.14,27,Yüksek,0
17,male,3.8,TikTok,7.9,2.0,2.47,1.1,high,4,6,4,0,16,Fair,At Risk,17-19,0.48,14,Düşük,1
19,male,4.3,YouTube,8.3,0.8,3.27,1.0,medium,7,7,5,1,23,Poor,Moderate,17-19,0.52,19,Orta,1
13,female,6.2,Facebook,5.2,0.5,3.31,1.0,medium,10,7,9,0,25,Poor,Healthy,13-14,1.19,26,Yüksek,0
13,female,1.6,All Platforms,8.0,2.5,3.55,1.8,low,7,7,2,1,19,Fair,At Risk,13-14,0.2,16,Düşük,0
13,male,5.8,Instagram,7.1,1.6,2.7,0.6,medium,10,7,5,1,27,Fair,Healthy,13-14,0.82,22,Orta,1
19,male,3.7,Facebook,7.9,0.7,4.0,1.1,medium,7,6,6,0,18,Good,Moderate,17-19,0.47,19,Orta,1
14,female,2.4,TikTok,9.0,1.2,3.68,1.1,medium,6,6,4,0,16,Good,Healthy,13-14,0.27,16,Düşük,0
18,female,2.6,Facebook,9.0,1.0,3.67,1.6,low,3,6,2,0,10,Good,Moderate,17-19,0.29,11,Düşük,0
14,female,2.8,TikTok,8.7,1.3,3.06,1.2,medium,8,10,4,0,23,Good,At Risk,13-14,0.32,22,Orta,0
17,female,2.3,Instagram,7.8,1.8,3.41,1.2,high,5,8,3,0,12,Fair,At Risk,17-19,0.29,16,Düşük,0
19,male,7.0,Facebook,6.4,1.7,2.59,0.4,low,10,9,7,1,25,Good,At Risk,17-19,1.09,26,Yüksek,1
13,female,5.0,TikTok,8.0,1.5,3.68,0.6,low,8,10,4,0,21,Fair,At Risk,13-14,0.62,22,Orta,0
18,female,5.9,TikTok,6.4,1.3,3.32,0.4,low,4,6,6,0,15,Fair,Healthy,17-19,0.92,16,Düşük,0
18,male,5.1,YouTube,6.9,1.9,3.01,0.0,medium,6,5,5,0,15,Good,Healthy,17-19,0.74,16,Düşük,1
15,female,4.3,YouTube,7.4,0.5,3.58,1.2,medium,8,8,5,0,20,Fair,Healthy,15-16,0.58,21,Orta,0
17,male,4.3,YouTube,6.9,0.9,3.25,0.9,medium,7,6,6,1,21,Good,Healthy,17-19,0.62,19,Orta,1
18,female,3.6,YouTube,7.9,0.7,3.55,1.2,low,8,6,5,0,20,Good,At Risk,17-19,0.46,19,Orta,0
19,female,3.7,YouTube,7.8,1.9,3.54,1.0,medium,9,7,5,1,24,Good,Moderate,17-19,0.47,21,Orta,0
13,female,1.9,TikTok,9.0,0.9,3.88,1.1,medium,4,5,2,0,13,Good,Moderate,13-14,0.21,11,Düşük,0
13,male,5.9,Instagram,6.4,0.5,3.23,1.7,medium,8,9,8,0,23,Fair,At Risk,13-14,0.92,25,Yüksek,1
18,male,1.3,TikTok,9.0,1.6,3.97,1.0,high,5,7,1,0,13,Fair,Moderate,17-19,0.14,13,Düşük,1
14,female,2.5,All Platforms,8.1,0.8,4.0,1.3,low,8,6,1,0,14,Fair,Moderate,13-14,0.31,15,Düşük,0
17,male,7.4,YouTube,6.2,1.1,3.15,0.8,medium,9,8,6,1,24,Fair,Moderate,17-19,1.19,23,Yüksek,1
13,male,4.4,Instagram,7.1,2.7,3.21,1.4,medium,4,6,7,0,19,Fair,Moderate,13-14,0.62,17,Düşük,1
18,male,4.5,Instagram,7.7,1.8,3.29,0.4,medium,7,7,6,0,20,Good,Healthy,17-19,0.58,20,Orta,1
13,male,5.2,All Platforms,7.4,1.2,3.71,0.1,medium,10,10,8,0,28,Good,Healthy,13-14,0.7,28,Yüksek,1
18,male,1.7,TikTok,7.9,1.2,3.79,2.0,medium,8,7,1,0,16,Fair,Moderate,17-19,0.22,16,Düşük,1
17,male,2.0,YouTube,9.0,1.8,3.55,1.9,high,6,8,6,0,22,Poor,Healthy,17-19,0.22,20,Orta,1
18,female,3.5,Instagram,7.6,1.7,3.22,0.0,low,4,5,4,0,12,Fair,Healthy,17-19,0.46,13,Düşük,0
15,female,2.8,YouTube,7.8,1.3,3.69,1.0,low,5,7,1,0,10,Poor,Moderate,15-16,0.36,13,Düşük,0
18,male,4.1,TikTok,7.0,1.4,3.04,1.1,medium,8,7,8,1,24,Good,Moderate,17-19,0.59,23,Yüksek,1
18,female,5.0,All Platforms,7.2,0.5,3.76,1.4,medium,10,9,4,1,24,Fair,Moderate,17-19,0.69,23,Yüksek,0
19,female,6.4,All Platforms,6.3,0.5,2.62,1.9,low,10,7,6,0,26,Poor,Healthy,17-19,1.02,23,Yüksek,0
17,female,5.5,YouTube,7.0,1.2,3.77,0.5,low,8,6,6,0,15,Poor,Healthy,17-19,0.79,20,Orta,0
19,female,2.6,YouTube,8.5,0.9,3.5,0.5,low,8,7,4,1,19,Fair,At Risk,17-19,0.31,19,Orta,0
18,male,3.6,All Platforms,8.1,1.7,3.03,1.0,high,6,6,3,0,15,Fair,Moderate,17-19,0.44,15,Düşük,1
17,female,3.2,YouTube,9.0,1.4,3.6,0.5,low,7,10,5,0,19,Fair,Moderate,17-19,0.36,22,Orta,0
15,female,2.6,TikTok,8.2,0.8,3.23,0.0,medium,8,7,4,0,19,Poor,Moderate,15-16,0.32,19,Orta,0
17,male,2.2,YouTube,7.9,1.4,3.68,0.9,low,7,5,3,0,17,Fair,At Risk,17-19,0.28,15,Düşük,1
13,male,6.9,YouTube,4.6,1.0,2.73,1.4,medium,10,10,9,0,30,Fair,Healthy,13-14,1.5,29,Yüksek,1
19,female,4.2,Instagram,6.6,2.5,3.75,1.0,low,9,10,5,0,26,Good,Healthy,17-19,0.64,24,Yüksek,0
17,female,3.8,Facebook,8.5,1.5,3.48,1.3,medium,5,4,4,0,12,Fair,Healthy,17-19,0.45,13,Düşük,0
15,female,5.0,All Platforms,7.5,0.5,2.77,1.2,low,8,8,8,1,27,Fair,Healthy,15-16,0.67,24,Yüksek,0
16,female,5.1,All Platforms,6.0,2.4,3.0,0.5,high,6,7,6,0,21,Poor,Healthy,15-16,0.85,19,Orta,0
18,female,6.0,Instagram,8.2,0.9,3.38,1.0,low,8,8,5,0,20,Good,Moderate,17-19,0.73,21,Orta,0
17,female,3.0,TikTok,8.2,0.7,4.0,0.2,medium,4,5,2,0,10,Fair,Moderate,17-19,0.37,11,Düşük,0
18,male,4.8,All Platforms,7.4,2.6,3.26,0.7,high,9,7,5,0,21,Good,At Risk,17-19,0.65,21,Orta,1
14,female,2.7,Facebook,9.0,1.5,3.18,1.0,medium,2,4,1,0,5,Poor,Healthy,13-14,0.3,7,Düşük,0
13,female,3.9,TikTok,7.4,1.7,3.84,1.0,medium,8,7,4,0,18,Fair,At Risk,13-14,0.53,19,Orta,0
19,male,4.3,All Platforms,7.9,1.7,3.64,0.4,medium,7,3,5,0,16,Poor,Healthy,17-19,0.54,15,Düşük,1
13,male,4.4,All Platforms,7.9,1.2,3.86,0.5,medium,10,9,5,0,26,Fair,At Risk,13-14,0.56,24,Yüksek,1
14,male,4.4,Instagram,7.9,1.0,3.46,1.1,medium,7,4,3,0,13,Good,At Risk,13-14,0.56,14,Düşük,1
14,male,5.5,YouTube,6.6,1.1,2.97,1.4,high,8,9,5,1,25,Fair,At Risk,13-14,0.83,22,Orta,1
19,female,3.2,Instagram,8.1,2.3,3.73,0.9,medium,8,6,6,0,21,Poor,At Risk,17-19,0.4,20,Orta,0
17,female,4.5,TikTok,7.7,1.4,3.38,0.9,medium,7,3,7,0,18,Poor,Healthy,17-19,0.58,17,Düşük,0
14,female,3.0,Instagram,7.9,2.1,3.32,1.5,medium,7,4,4,0,13,Fair,Healthy,13-14,0.38,15,Düşük,0
16,female,8.5,Facebook,4.6,1.3,2.8,0.6,medium,10,9,9,0,30,Poor,Moderate,15-16,1.85,28,Yüksek,0
18,female,2.7,TikTok,8.0,0.8,3.52,1.9,low,6,6,3,0,16,Poor,At Risk,17-19,0.34,15,Düşük,0
18,female,3.1,Instagram,7.3,0.5,3.83,0.3,medium,9,6,4,0,18,Good,At Risk,17-19,0.42,19,Orta,0
15,male,5.6,TikTok,6.7,1.7,3.36,1.5,high,5,4,6,0,14,Fair,At Risk,15-16,0.84,15,Düşük,1
14,female,3.5,YouTube,6.5,2.3,3.05,1.3,low,10,9,5,0,23,Fair,At Risk,13-14,0.54,24,Yüksek,0
14,male,5.6,All Platforms,6.9,0.8,2.7,2.0,medium,5,7,7,0,17,Good,Healthy,13-14,0.81,19,Orta,1
16,male,4.4,Instagram,6.2,1.6,3.38,0.4,low,10,7,3,0,22,Poor,At Risk,15-16,0.71,20,Orta,1
13,female,3.6,Instagram,7.4,0.5,3.47,0.0,medium,3,5,4,0,10,Good,Moderate,13-14,0.49,12,Düşük,0
13,male,3.0,Facebook,8.4,1.0,3.85,1.6,low,10,6,4,1,21,Fair,At Risk,13-14,0.36,20,Orta,1
18,female,2.9,Instagram,8.6,1.5,3.77,0.3,medium,7,7,2,0,15,Good,At Risk,17-19,0.34,16,Düşük,0
18,male,3.6,TikTok,8.2,0.5,4.0,1.3,high,5,7,3,0,16,Fair,Moderate,17-19,0.44,15,Düşük,1
17,female,3.9,Instagram,7.8,1.3,3.23,1.6,medium,10,10,4,0,26,Good,Moderate,17-19,0.5,24,Yüksek,0
19,male,2.9,TikTok,7.3,0.8,3.36,1.2,medium,4,6,3,0,12,Good,At Risk,17-19,0.4,13,Düşük,1
16,female,4.0,TikTok,8.2,1.7,3.02,1.1,high,7,8,5,1,20,Fair,At Risk,15-16,0.49,20,Orta,0
19,female,2.4,Instagram,7.5,1.2,3.94,1.2,high,10,10,2,1,19,Good,Moderate,17-19,0.32,22,Orta,0
19,female,5.4,Instagram,7.6,1.9,3.2,1.4,low,9,8,7,0,27,Fair,At Risk,17-19,0.71,24,Yüksek,0
15,female,5.7,All Platforms,7.1,1.1,2.4,1.3,medium,5,8,6,0,21,Fair,At Risk,15-16,0.8,19,Orta,0
19,female,3.1,Instagram,8.9,0.5,3.62,0.4,low,6,5,4,0,12,Fair,Healthy,17-19,0.35,15,Düşük,0
15,male,3.0,YouTube,8.0,0.5,3.66,1.9,high,6,6,3,0,13,Fair,Moderate,15-16,0.38,15,Düşük,1
19,male,4.5,YouTube,6.7,0.5,3.27,1.0,high,8,7,5,0,20,Poor,Moderate,17-19,0.67,20,Orta,1
16,male,6.2,TikTok,5.5,1.7,3.19,1.3,medium,9,7,9,0,25,Fair,Moderate,15-16,1.13,25,Yüksek,1
15,female,6.6,YouTube,7.4,2.8,2.52,1.4,high,10,5,6,1,20,Fair,Moderate,15-16,0.89,21,Orta,0
13,male,2.0,TikTok,7.4,1.6,4.0,1.6,medium,3,5,2,0,8,Good,Moderate,13-14,0.27,10,Düşük,1
15,female,5.8,All Platforms,7.3,2.3,3.28,1.5,medium,8,6,5,0,20,Good,Healthy,15-16,0.79,19,Orta,0
15,female,4.1,TikTok,8.2,2.0,2.68,1.1,low,8,7,5,0,23,Fair,Healthy,15-16,0.5,20,Orta,0
16,male,4.1,Instagram,7.8,1.0,3.38,1.0,high,6,9,5,0,20,Fair,At Risk,15-16,0.53,20,Orta,1
16,male,5.0,TikTok,7.0,2.1,3.41,1.2,low,10,10,6,0,25,Fair,Moderate,15-16,0.71,26,Yüksek,1
15,female,3.4,All Platforms,9.0,1.0,3.04,1.6,high,5,8,5,0,17,Poor,Moderate,15-16,0.38,18,Orta,0
14,male,6.0,Instagram,6.4,1.0,3.31,0.4,high,9,8,7,0,22,Poor,Healthy,13-14,0.94,24,Yüksek,1
16,female,6.5,YouTube,6.4,1.2,3.7,1.3,medium,9,9,7,0,24,Fair,Moderate,15-16,1.02,25,Yüksek,0
17,female,6.5,TikTok,6.2,1.2,2.77,0.6,low,7,7,10,1,26,Fair,Moderate,17-19,1.05,24,Yüksek,0
17,female,1.2,Facebook,8.7,1.7,3.99,1.9,medium,5,4,3,0,8,Good,At Risk,17-19,0.14,12,Düşük,0
13,female,3.8,TikTok,8.0,0.9,3.51,1.2,low,4,6,3,0,13,Fair,Moderate,13-14,0.48,13,Düşük,0
19,female,1.1,All Platforms,8.5,1.8,4.0,0.8,medium,4,4,1,0,9,Fair,At Risk,17-19,0.13,9,Düşük,0
15,male,3.0,TikTok,7.5,1.8,3.51,1.2,low,6,7,3,0,16,Fair,Moderate,15-16,0.4,16,Düşük,1
14,male,1.0,TikTok,9.0,1.5,3.42,1.0,high,2,3,2,0,8,Poor,At Risk,13-14,0.11,7,Düşük,1
13,female,4.9,TikTok,6.7,2.5,3.63,0.9,medium,9,8,4,0,21,Fair,Healthy,13-14,0.73,21,Orta,0
15,female,4.6,Instagram,7.3,2.1,2.91,0.1,medium,8,7,4,0,18,Fair,At Risk,15-16,0.63,19,Orta,0
16,male,3.5,YouTube,7.5,1.9,4.0,0.5,medium,8,9,4,0,20,Fair,Moderate,15-16,0.47,21,Orta,1
17,male,2.9,TikTok,8.0,1.3,3.79,0.9,medium,6,6,3,1,18,Fair,Healthy,17-19,0.36,15,Düşük,1
18,female,4.7,Facebook,6.7,1.5,3.06,0.2,medium,5,7,2,0,16,Good,At Risk,17-19,0.7,14,Düşük,0
14,male,2.6,Instagram,7.8,1.6,4.0,0.7,medium,6,5,5,0,22,Good,Moderate,13-14,0.33,16,Düşük,1
18,female,2.5,Instagram,7.7,1.3,3.62,0.8,high,7,7,5,0,18,Fair,Moderate,17-19,0.32,19,Orta,0
17,male,2.3,Instagram,8.9,1.1,3.57,0.6,medium,3,3,1,0,6,Fair,At Risk,17-19,0.26,7,Düşük,1
19,female,3.9,Instagram,7.7,0.5,3.14,1.4,high,5,7,5,0,18,Fair,Healthy,17-19,0.51,17,Düşük,0
19,male,3.3,YouTube,8.5,1.7,2.75,0.6,high,6,5,2,0,14,Poor,At Risk,17-19,0.39,13,Düşük,1
18,female,3.6,TikTok,8.4,1.9,3.7,1.0,low,6,5,3,0,15,Fair,Moderate,17-19,0.43,14,Düşük,0
16,male,5.0,TikTok,6.7,0.6,2.6,0.8,high,8,6,6,1,22,Poor,Moderate,15-16,0.75,20,Orta,1
15,male,5.7,All Platforms,7.3,1.7,2.83,0.9,low,8,8,7,0,24,Fair,Moderate,15-16,0.78,23,Yüksek,1
16,female,6.5,TikTok,6.2,0.9,3.2,1.8,high,10,10,8,0,30,Fair,Healthy,15-16,1.05,28,Yüksek,0
18,male,4.3,Instagram,7.2,1.1,3.15,1.1,medium,10,10,5,0,27,Poor,Moderate,17-19,0.6,25,Yüksek,1
16,female,4.8,TikTok,8.0,2.1,3.34,1.2,high,9,8,7,1,26,Good,At Risk,15-16,0.6,24,Yüksek,0
17,male,4.5,YouTube,7.6,0.7,2.84,0.6,high,8,7,4,0,14,Good,Healthy,17-19,0.59,19,Orta,1
14,female,1.5,Instagram,8.5,0.7,3.64,1.3,high,3,4,2,0,9,Good,Moderate,13-14,0.18,9,Düşük,0
16,male,3.6,TikTok,8.0,2.4,3.53,1.3,high,5,5,1,0,9,Fair,Healthy,15-16,0.45,11,Düşük,1
17,female,3.6,TikTok,6.8,1.2,3.08,1.2,medium,9,9,4,0,24,Good,Healthy,17-19,0.53,22,Orta,0
14,male,3.4,YouTube,8.0,2.0,4.0,0.4,low,6,6,5,0,12,Poor,Healthy,13-14,0.42,17,Düşük,1
19,female,4.1,YouTube,6.4,0.5,3.13,0.7,medium,5,8,5,0,21,Good,Moderate,17-19,0.64,18,Orta,0
15,male,3.8,TikTok,6.9,0.5,3.98,1.7,low,10,9,3,0,20,Poor,Moderate,15-16,0.55,22,Orta,1
18,female,2.6,TikTok,8.6,0.8,3.54,0.7,medium,9,9,5,0,21,Good,Healthy,17-19,0.3,23,Yüksek,0
19,female,4.0,TikTok,5.6,1.0,2.77,1.8,medium,7,7,4,1,19,Fair,Moderate,17-19,0.71,18,Orta,0
15,female,3.2,YouTube,9.0,0.5,3.07,0.7,high,4,4,5,0,12,Good,At Risk,15-16,0.36,13,Düşük,0
19,male,1.0,TikTok,9.0,1.5,3.92,1.1,medium,6,7,3,0,20,Good,Healthy,17-19,0.11,16,Düşük,1
13,female,2.0,TikTok,7.2,1.6,4.0,0.9,high,5,5,5,0,18,Poor,Healthy,13-14,0.28,15,Düşük,0
19,male,4.3,Facebook,7.4,0.8,4.0,0.6,low,9,8,5,1,21,Fair,Moderate,17-19,0.58,22,Orta,1
17,female,5.9,TikTok,8.4,0.8,3.17,0.6,high,8,9,7,0,26,Good,At Risk,17-19,0.7,24,Yüksek,0
14,male,1.0,YouTube,8.9,0.9,3.38,0.6,high,8,7,2,0,16,Fair,Moderate,13-14,0.11,17,Düşük,1
19,female,2.8,TikTok,7.5,0.6,3.69,1.1,medium,5,6,3,0,13,Good,Healthy,17-19,0.37,14,Düşük,0
16,male,4.9,TikTok,8.2,0.5,2.93,1.4,medium,10,5,6,0,22,Fair,Healthy,15-16,0.6,21,Orta,1
15,male,5.6,TikTok,6.5,1.2,3.32,1.0,high,9,8,8,0,28,Fair,At Risk,15-16,0.86,25,Yüksek,1
19,female,3.5,TikTok,7.9,1.0,3.1,1.0,low,10,8,3,1,20,Fair,At Risk,17-19,0.44,21,Orta,0
14,male,3.1,All Platforms,8.8,1.1,2.7,1.6,medium,5,6,3,0,13,Poor,Healthy,13-14,0.35,14,Düşük,1
17,male,6.2,Facebook,6.3,0.7,3.6,1.0,medium,6,6,7,0,20,Good,Moderate,17-19,0.98,19,Orta,1
13,female,5.5,Instagram,6.6,1.8,3.08,0.7,low,4,5,7,0,14,Fair,Moderate,13-14,0.83,16,Düşük,0
15,male,5.6,YouTube,5.8,2.8,3.38,0.5,medium,10,8,7,0,28,Fair,Healthy,15-16,0.97,25,Yüksek,1
18,male,3.5,TikTok,7.3,0.8,3.87,1.6,low,7,7,6,0,18,Fair,At Risk,17-19,0.48,20,Orta,1
14,male,6.0,Instagram,6.3,2.1,3.85,0.8,low,6,4,9,0,18,Fair,Moderate,13-14,0.95,19,Orta,1
18,female,1.1,All Platforms,8.1,1.5,4.0,0.7,low,8,8,1,0,21,Good,At Risk,17-19,0.14,17,Düşük,0
14,male,6.0,TikTok,5.7,1.3,3.14,0.7,high,10,8,7,0,25,Good,Moderate,13-14,1.05,25,Yüksek,1
14,female,4.1,TikTok,7.5,1.1,3.57,1.6,medium,10,10,5,0,29,Fair,Healthy,13-14,0.55,25,Yüksek,0
17,male,4.4,TikTok,6.0,1.3,3.22,0.7,high,5,4,5,0,14,Good,Moderate,17-19,0.73,14,Düşük,1
17,male,2.7,TikTok,7.5,2.0,3.61,1.5,medium,9,10,4,1,28,Good,Healthy,17-19,0.36,23,Yüksek,1
17,male,1.3,TikTok,9.0,0.6,3.86,0.9,medium,6,6,2,1,15,Fair,Moderate,17-19,0.14,14,Düşük,1
19,female,4.4,YouTube,7.1,1.1,3.03,0.4,medium,10,6,5,0,19,Good,Moderate,17-19,0.62,21,Orta,0
16,male,5.1,Instagram,6.6,2.0,3.24,0.8,medium,9,7,4,0,18,Poor,At Risk,15-16,0.77,20,Orta,1
14,male,5.3,All Platforms,6.6,1.9,3.35,1.0,low,9,10,5,0,21,Poor,Moderate,13-14,0.8,24,Yüksek,1
15,female,5.2,Facebook,6.7,0.6,3.38,0.9,medium,10,10,7,1,24,Good,Moderate,15-16,0.78,27,Yüksek,0
18,male,4.8,Instagram,7.5,1.2,3.45,0.9,low,10,7,7,1,23,Fair,At Risk,17-19,0.64,24,Yüksek,1
17,female,2.7,TikTok,8.5,1.7,3.06,0.8,medium,8,10,4,0,20,Good,Moderate,17-19,0.32,22,Orta,0
19,female,5.4,Instagram,6.5,1.7,3.68,0.6,medium,7,7,5,0,14,Good,Moderate,17-19,0.83,19,Orta,0
17,male,2.5,YouTube,8.1,1.9,4.0,1.0,low,6,8,4,0,20,Poor,Healthy,17-19,0.31,18,Orta,1
18,female,6.0,TikTok,7.4,1.5,3.06,1.3,low,5,4,8,0,19,Good,Healthy,17-19,0.81,17,Düşük,0
18,male,4.1,YouTube,6.4,1.6,3.57,0.3,high,6,6,4,0,17,Fair,Healthy,17-19,0.64,16,Düşük,1
14,female,4.1,Instagram,7.4,1.5,3.3,1.6,medium,9,9,3,0,19,Fair,At Risk,13-14,0.55,21,Orta,0
17,female,5.6,YouTube,6.8,2.2,3.46,0.0,low,10,9,7,0,29,Fair,At Risk,17-19,0.82,26,Yüksek,0
18,male,5.8,Instagram,6.1,1.0,3.38,1.0,high,7,3,8,0,18,Good,Healthy,17-19,0.95,18,Orta,1
16,female,5.4,Instagram,6.7,1.3,3.73,1.2,low,10,9,7,0,24,Poor,Moderate,15-16,0.81,26,Yüksek,0
16,female,2.9,All Platforms,7.4,0.7,3.85,0.7,medium,10,6,6,1,22,Fair,At Risk,15-16,0.39,22,Orta,0
17,female,5.4,Facebook,7.2,0.6,3.48,0.0,high,7,5,8,0,20,Good,Healthy,17-19,0.75,20,Orta,0
19,female,2.9,TikTok,7.1,1.5,3.52,1.0,low,6,4,3,0,8,Good,Healthy,17-19,0.41,13,Düşük,0
18,female,5.5,All Platforms,7.5,0.9,2.61,1.1,low,7,9,6,0,22,Good,Moderate,17-19,0.73,22,Orta,0
14,male,1.9,Instagram,8.5,1.3,4.0,0.4,low,5,8,2,1,15,Poor,At Risk,13-14,0.22,15,Düşük,1
14,female,4.1,All Platforms,7.1,2.3,2.83,0.6,medium,8,8,3,0,18,Fair,Healthy,13-14,0.58,19,Orta,0
19,male,2.9,Facebook,7.3,2.2,3.92,1.5,low,5,5,2,0,9,Fair,Moderate,17-19,0.4,12,Düşük,1
14,female,5.6,Instagram,7.4,2.6,2.85,1.1,medium,8,8,7,0,20,Good,Healthy,13-14,0.76,23,Yüksek,0
13,male,6.0,TikTok,6.0,2.3,2.47,0.2,low,9,10,7,0,27,Fair,Healthy,13-14,1.0,26,Yüksek,1
17,male,4.5,TikTok,6.4,2.7,3.33,1.2,medium,9,5,6,1,22,Poor,Healthy,17-19,0.7,20,Orta,1
14,female,4.5,YouTube,8.0,1.6,3.8,0.5,high,10,7,9,0,25,Good,Moderate,13-14,0.56,26,Yüksek,0
16,female,5.3,YouTube,6.2,0.8,2.82,0.6,high,8,9,7,0,25,Poor,At Risk,15-16,0.85,24,Yüksek,0
18,female,6.0,TikTok,6.4,0.7,3.74,1.1,medium,8,9,5,0,21,Good,Healthy,17-19,0.94,22,Orta,0
15,male,4.3,TikTok,7.9,2.1,3.62,1.1,medium,9,9,6,0,22,Good,Moderate,15-16,0.54,24,Yüksek,1
19,female,3.4,Facebook,7.9,1.3,3.55,0.8,medium,8,6,3,0,17,Good,Healthy,17-19,0.43,17,Düşük,0
15,male,5.2,All Platforms,8.1,1.4,3.05,0.7,medium,8,9,8,0,23,Fair,At Risk,15-16,0.64,25,Yüksek,1
14,male,1.2,Instagram,8.3,1.0,3.67,0.9,medium,6,8,1,0,19,Poor,At Risk,13-14,0.14,15,Düşük,1
15,male,5.7,TikTok,6.5,1.0,3.32,0.6,low,8,9,5,0,19,Good,Healthy,15-16,0.88,22,Orta,1
15,female,3.1,TikTok,7.9,1.5,3.87,1.5,high,5,2,5,0,13,Good,Healthy,15-16,0.39,12,Düşük,0
13,female,3.8,TikTok,8.0,0.7,3.19,0.2,medium,3,4,6,0,13,Good,Healthy,13-14,0.48,13,Düşük,0
16,male,5.7,All Platforms,7.6,1.5,2.82,0.9,low,8,8,5,0,21,Poor,Healthy,15-16,0.75,21,Orta,1
19,male,3.5,TikTok,7.8,2.2,3.39,0.3,medium,3,3,3,0,12,Good,Moderate,17-19,0.45,9,Düşük,1
16,female,5.2,YouTube,7.4,0.5,3.78,1.5,medium,7,7,6,0,15,Good,Healthy,15-16,0.7,20,Orta,0
13,male,6.0,TikTok,5.5,0.5,2.61,0.9,high,10,8,9,1,28,Good,Healthy,13-14,1.09,27,Yüksek,1
13,female,4.4,YouTube,7.4,1.7,3.8,0.5,medium,5,4,3,0,11,Good,Moderate,13-14,0.59,12,Düşük,0
15,male,4.7,YouTube,6.7,2.1,3.31,1.3,high,7,9,5,0,22,Good,Moderate,15-16,0.7,21,Orta,1
17,female,4.0,Facebook,7.9,1.0,2.74,0.0,low,7,7,5,0,19,Fair,At Risk,17-19,0.51,19,Orta,0
18,male,4.4,TikTok,7.0,0.5,3.16,1.1,medium,7,5,4,0,16,Poor,Moderate,17-19,0.63,16,Düşük,1
18,female,2.4,TikTok,8.1,2.2,3.88,1.6,medium,5,3,2,0,8,Fair,Healthy,17-19,0.3,10,Düşük,0
15,male,3.7,TikTok,6.6,0.8,4.0,1.1,low,8,6,4,0,17,Poor,Moderate,15-16,0.56,18,Orta,1
18,female,2.1,All Platforms,7.2,1.1,3.15,0.7,low,7,6,3,0,22,Fair,At Risk,17-19,0.29,16,Düşük,0
13,female,2.8,All Platforms,9.0,1.5,2.45,0.4,high,6,6,3,0,16,Fair,Moderate,13-14,0.31,15,Düşük,0
16,male,1.0,YouTube,9.0,0.9,3.33,1.5,low,4,6,4,0,16,Poor,At Risk,15-16,0.11,14,Düşük,1
18,male,4.6,YouTube,7.5,0.8,3.76,1.5,medium,9,9,6,1,23,Fair,At Risk,17-19,0.61,24,Yüksek,1
19,female,6.9,YouTube,5.4,0.8,2.25,0.7,low,7,6,8,0,19,Poor,Moderate,17-19,1.28,21,Orta,0
15,male,3.5,TikTok,8.4,2.4,4.0,0.7,low,8,9,6,0,25,Good,Healthy,15-16,0.42,23,Yüksek,1
17,female,5.7,All Platforms,7.1,2.0,3.63,1.6,low,9,10,7,0,22,Good,Moderate,17-19,0.8,26,Yüksek,0
15,male,6.0,Instagram,5.9,1.6,3.18,1.3,high,9,8,6,1,22,Poor,At Risk,15-16,1.02,23,Yüksek,1
14,female,2.3,Instagram,7.6,0.5,3.4,0.1,high,6,5,3,0,13,Good,At Risk,13-14,0.3,14,Düşük,0
15,female,2.6,Instagram,7.7,1.6,3.63,0.9,high,2,4,2,0,10,Fair,Healthy,15-16,0.34,8,Düşük,0
13,female,5.8,TikTok,6.6,1.6,3.37,0.9,medium,10,10,9,0,30,Fair,Moderate,13-14,0.88,29,Yüksek,0
16,female,4.1,TikTok,7.6,0.5,3.57,1.1,low,9,7,6,0,21,Poor,Healthy,15-16,0.54,22,Orta,0
16,female,2.1,Facebook,8.5,1.5,4.0,1.0,medium,4,4,1,0,10,Fair,Healthy,15-16,0.25,9,Düşük,0
19,female,3.2,TikTok,8.8,1.9,3.42,0.7,medium,8,8,6,1,21,Good,Healthy,17-19,0.36,22,Orta,0
18,male,4.9,YouTube,6.5,1.6,2.74,1.1,high,8,8,3,0,21,Good,Moderate,17-19,0.75,19,Orta,1
13,male,2.9,TikTok,7.3,0.9,2.97,0.8,low,5,3,4,0,12,Poor,Healthy,13-14,0.4,12,Düşük,1
14,male,1.0,Instagram,9.0,1.3,3.18,2.0,medium,7,9,1,1,20,Poor,Moderate,13-14,0.11,17,Düşük,1
13,female,3.7,Instagram,6.5,1.7,3.52,1.1,low,6,8,4,0,17,Fair,Healthy,13-14,0.57,18,Orta,0
15,female,3.8,Instagram,8.1,1.3,3.34,1.0,medium,10,8,6,0,26,Fair,Moderate,15-16,0.47,24,Yüksek,0
13,female,4.2,YouTube,7.5,2.1,3.38,1.9,medium,8,10,7,1,25,Poor,Moderate,13-14,0.56,25,Yüksek,0
13,female,6.2,Instagram,6.2,1.5,2.86,0.3,medium,10,10,7,0,26,Fair,Moderate,13-14,1.0,27,Yüksek,0
19,male,4.3,YouTube,7.1,1.8,2.91,0.9,medium,9,10,6,0,30,Good,At Risk,17-19,0.61,25,Yüksek,1
14,male,4.6,Instagram,7.8,1.8,3.56,0.5,medium,9,10,3,1,25,Good,Healthy,13-14,0.59,22,Orta,1
15,female,5.9,YouTube,7.2,0.7,2.13,1.3,medium,9,10,7,0,26,Fair,At Risk,15-16,0.82,26,Yüksek,0
17,male,4.2,All Platforms,7.2,1.3,3.05,0.8,high,6,6,6,0,20,Good,Moderate,17-19,0.58,18,Orta,1
19,male,7.6,Facebook,6.1,1.1,3.17,1.3,high,10,9,10,1,27,Fair,Moderate,17-19,1.25,29,Yüksek,1
17,female,2.2,TikTok,9.0,1.9,3.31,1.3,high,8,6,2,0,14,Fair,Healthy,17-19,0.24,16,Düşük,0
19,male,2.7,TikTok,8.4,1.6,3.75,1.4,high,8,7,3,1,20,Poor,Healthy,17-19,0.32,18,Orta,1
16,female,5.2,TikTok,6.8,1.2,2.9,1.3,medium,9,8,6,0,23,Fair,Healthy,15-16,0.76,23,Yüksek,0
19,male,6.2,YouTube,6.7,0.5,2.89,0.9,medium,5,6,8,1,19,Good,Healthy,17-19,0.93,19,Orta,1
18,female,3.9,TikTok,6.8,0.5,3.64,0.3,medium,7,9,6,0,21,Fair,At Risk,17-19,0.57,22,Orta,0
13,female,2.6,Instagram,8.2,1.5,3.1,1.5,low,5,2,5,0,12,Fair,At Risk,13-14,0.32,12,Düşük,0
16,female,7.0,YouTube,5.8,0.9,3.25,1.7,high,7,9,9,0,24,Fair,Healthy,15-16,1.21,25,Yüksek,0
14,female,2.9,Instagram,7.8,1.7,3.58,0.5,low,8,6,1,0,11,Poor,Moderate,13-14,0.37,15,Düşük,0
17,male,4.7,Facebook,5.9,0.5,3.8,1.4,high,4,5,1,0,13,Good,Moderate,17-19,0.8,10,Düşük,1
19,female,6.3,TikTok,5.6,2.3,3.14,0.4,medium,10,8,6,0,24,Fair,At Risk,17-19,1.12,24,Yüksek,0
13,female,3.5,TikTok,7.4,1.7,3.05,1.1,medium,9,10,4,0,27,Fair,Moderate,13-14,0.47,23,Yüksek,0
14,female,3.2,YouTube,8.5,1.4,4.0,1.2,medium,6,5,3,0,10,Fair,At Risk,13-14,0.38,14,Düşük,0
18,male,3.3,Instagram,8.1,2.3,3.11,0.8,high,6,7,3,0,12,Fair,Healthy,17-19,0.41,16,Düşük,1
14,female,5.6,YouTube,7.4,1.9,3.07,1.0,medium,10,10,6,0,25,Poor,At Risk,13-14,0.76,26,Yüksek,0
13,male,5.9,Instagram,7.4,1.0,3.5,1.4,medium,7,5,7,0,21,Good,Moderate,13-14,0.8,19,Orta,1
18,female,4.3,TikTok,7.6,1.3,2.6,0.9,low,9,8,3,0,18,Poor,At Risk,17-19,0.57,20,Orta,0
14,male,7.2,Facebook,6.0,0.5,3.5,0.7,medium,8,9,7,0,21,Good,Healthy,13-14,1.2,24,Yüksek,1
18,male,4.3,Facebook,6.7,1.9,2.89,0.4,low,5,4,5,0,15,Good,Moderate,17-19,0.64,14,Düşük,1
19,female,6.3,YouTube,7.7,1.1,2.87,0.8,medium,10,10,8,0,27,Good,Healthy,17-19,0.82,28,Yüksek,0
19,male,3.5,TikTok,6.8,0.5,3.59,0.4,medium,7,6,6,0,20,Fair,Healthy,17-19,0.51,19,Orta,1
13,female,7.9,YouTube,5.6,0.6,2.8,0.8,medium,7,9,10,0,25,Fair,Moderate,13-14,1.41,26,Yüksek,0
13,female,6.7,Instagram,6.7,1.8,3.31,0.8,low,10,10,6,1,27,Poor,Healthy,13-14,1.0,26,Yüksek,0
18,female,4.0,TikTok,8.1,2.3,2.76,1.4,low,6,3,2,0,14,Good,Healthy,17-19,0.49,11,Düşük,0
15,male,6.5,All Platforms,5.4,1.3,3.32,1.0,medium,10,7,6,1,21,Fair,Healthy,15-16,1.2,23,Yüksek,1
16,male,6.4,TikTok,6.0,0.7,3.36,2.0,low,10,8,4,1,24,Fair,Healthy,15-16,1.07,22,Orta,1
14,female,6.7,All Platforms,5.6,0.5,3.41,0.0,low,10,10,10,0,27,Fair,At Risk,13-14,1.2,30,Yüksek,0
14,female,1.0,Instagram,7.6,2.1,3.38,1.2,low,7,8,1,0,17,Poor,Moderate,13-14,0.13,16,Düşük,0
15,male,5.4,TikTok,6.9,1.6,2.6,0.8,high,7,5,7,0,22,Fair,At Risk,15-16,0.78,19,Orta,1
15,female,5.1,YouTube,6.4,1.1,3.1,0.5,medium,10,10,7,0,26,Poor,At Risk,15-16,0.8,27,Yüksek,0
15,female,5.0,All Platforms,8.1,1.0,2.71,1.0,medium,6,5,6,0,18,Good,Healthy,15-16,0.62,17,Düşük,0
17,female,4.5,Facebook,7.7,1.7,2.6,0.9,low,6,8,8,0,21,Fair,Moderate,17-19,0.58,22,Orta,0
17,male,4.6,Facebook,7.2,1.7,3.16,1.5,medium,5,6,5,0,17,Poor,Healthy,17-19,0.64,16,Düşük,1
18,male,6.3,YouTube,6.0,0.8,3.15,1.0,high,10,8,5,0,18,Fair,Healthy,17-19,1.05,23,Yüksek,1
17,male,5.1,YouTube,7.0,0.6,4.0,0.7,medium,9,8,4,0,21,Poor,Healthy,17-19,0.73,21,Orta,1
19,female,4.5,Facebook,7.1,0.6,3.54,1.2,low,9,10,6,1,26,Fair,Healthy,17-19,0.63,25,Yüksek,0
19,female,6.0,TikTok,6.5,1.0,3.8,0.9,low,6,3,6,0,18,Good,At Risk,17-19,0.92,15,Düşük,0
13,female,4.9,Instagram,8.4,0.9,3.25,0.4,low,9,9,4,0,24,Poor,At Risk,13-14,0.58,22,Orta,0
18,male,5.0,TikTok,6.3,2.3,3.47,0.9,medium,9,7,6,0,22,Good,Moderate,17-19,0.79,22,Orta,1
14,female,7.2,All Platforms,5.8,1.0,2.86,1.1,high,10,9,9,0,29,Poor,At Risk,13-14,1.24,28,Yüksek,0
16,female,3.5,All Platforms,8.2,0.6,4.0,1.0,low,5,6,5,0,13,Poor,At Risk,15-16,0.43,16,Düşük,0
13,female,1.8,TikTok,8.3,0.6,3.46,1.2,low,1,6,4,0,14,Good,Moderate,13-14,0.22,11,Düşük,0
14,female,4.3,YouTube,8.5,1.2,3.14,0.7,low,9,8,5,0,23,Fair,Healthy,13-14,0.51,22,Orta,0
14,male,4.5,All Platforms,7.7,0.5,3.64,1.2,high,7,9,4,0,16,Poor,Moderate,13-14,0.58,20,Orta,1
18,male,5.4,TikTok,6.3,1.3,3.27,1.1,low,9,7,7,1,23,Fair,Moderate,17-19,0.86,23,Yüksek,1
15,female,4.4,YouTube,7.4,0.5,3.17,1.1,high,7,6,4,0,18,Fair,Healthy,15-16,0.59,17,Düşük,0
15,male,5.4,All Platforms,6.3,2.0,3.57,1.0,medium,9,9,4,0,20,Good,At Risk,15-16,0.86,22,Orta,1
13,male,8.2,TikTok,4.8,1.4,2.75,2.0,medium,10,9,10,0,29,Fair,At Risk,13-14,1.71,29,Yüksek,1
15,female,5.5,YouTube,6.7,2.6,3.16,1.6,low,5,5,5,0,13,Good,Healthy,15-16,0.82,15,Düşük,0
14,female,5.8,Instagram,7.5,1.2,3.38,1.1,low,10,8,9,1,24,Good,Moderate,13-14,0.77,27,Yüksek,0
15,male,4.0,All Platforms,8.0,0.5,2.71,0.6,medium,7,9,6,0,21,Fair,Healthy,15-16,0.5,22,Orta,1
17,female,2.0,All Platforms,8.5,2.2,3.06,0.9,high,9,8,2,0,19,Good,At Risk,17-19,0.24,19,Orta,0
15,male,1.0,All Platforms,9.0,1.6,4.0,1.8,medium,4,3,3,0,12,Fair,Healthy,15-16,0.11,10,Düşük,1
14,female,3.4,Instagram,8.0,1.7,3.22,0.7,medium,5,4,8,0,17,Good,Moderate,13-14,0.42,17,Düşük,0
18,male,1.0,All Platforms,8.2,0.7,3.8,0.9,low,5,7,3,0,17,Poor,Moderate,17-19,0.12,15,Düşük,1
13,female,5.0,Facebook,6.9,1.3,3.89,0.9,high,9,10,6,0,26,Good,Moderate,13-14,0.72,25,Yüksek,0
16,male,3.6,Instagram,7.6,1.4,3.42,1.2,high,6,5,3,0,12,Fair,Healthy,15-16,0.47,14,Düşük,1
15,male,2.1,Facebook,9.0,1.2,3.6,0.8,low,7,10,6,1,24,Fair,Moderate,15-16,0.23,23,Yüksek,1
19,male,4.4,TikTok,6.9,0.5,3.7,1.1,high,7,7,7,0,22,Fair,Moderate,17-19,0.64,21,Orta,1
19,female,3.0,YouTube,7.4,3.0,3.31,0.8,medium,6,6,3,0,18,Good,Healthy,17-19,0.41,15,Düşük,0
14,male,4.9,TikTok,7.0,1.8,3.75,1.7,medium,10,8,8,0,27,Poor,Healthy,13-14,0.7,26,Yüksek,1
16,male,5.3,TikTok,6.4,1.6,3.56,0.7,medium,9,8,6,1,21,Poor,Moderate,15-16,0.83,23,Yüksek,1
16,female,3.1,TikTok,7.7,2.1,4.0,1.5,high,7,6,3,0,15,Good,Healthy,15-16,0.4,16,Düşük,0
17,female,3.8,YouTube,7.5,1.7,3.15,0.7,medium,4,4,4,0,8,Good,Moderate,17-19,0.51,12,Düşük,0
16,male,4.5,Instagram,7.0,0.9,3.87,0.6,low,10,7,6,1,24,Good,At Risk,15-16,0.64,23,Yüksek,1
19,male,1.9,YouTube,9.0,2.0,3.94,0.6,medium,8,10,1,0,22,Good,Moderate,17-19,0.21,19,Orta,1
18,female,4.5,TikTok,8.2,1.8,2.79,0.1,high,6,8,3,0,12,Good,Healthy,17-19,0.55,17,Düşük,0
14,female,1.9,Instagram,9.0,0.9,2.68,1.2,low,8,8,2,0,21,Good,Healthy,13-14,0.21,18,Orta,0
14,female,5.1,YouTube,5.7,1.8,2.92,0.4,medium,9,8,5,0,23,Fair,Moderate,13-14,0.89,22,Orta,0
15,female,3.5,Facebook,7.3,1.2,3.59,0.8,medium,7,7,3,1,15,Poor,Moderate,15-16,0.48,17,Düşük,0
15,female,1.9,Instagram,8.4,1.4,3.89,1.4,medium,8,6,2,1,17,Good,At Risk,15-16,0.23,16,Düşük,0
15,male,3.3,YouTube,6.6,1.7,3.48,1.4,medium,6,4,5,0,13,Fair,Healthy,15-16,0.5,15,Düşük,1
19,female,3.3,All Platforms,7.2,2.1,3.48,0.3,high,5,7,4,0,17,Poor,Healthy,17-19,0.46,16,Düşük,0
19,male,5.9,YouTube,6.4,0.9,3.06,1.2,low,9,8,6,0,23,Fair,Moderate,17-19,0.92,23,Yüksek,1
19,male,4.5,TikTok,6.9,1.5,3.74,1.6,low,9,9,4,0,23,Good,Healthy,17-19,0.65,22,Orta,1
19,male,2.7,TikTok,8.2,2.5,3.02,0.7,low,8,5,3,0,14,Fair,Healthy,17-19,0.33,16,Düşük,1
19,female,6.8,All Platforms,5.1,1.2,3.09,1.3,high,9,8,7,0,22,Fair,Moderate,17-19,1.33,24,Yüksek,0
19,male,5.2,TikTok,6.6,1.4,2.89,0.4,medium,6,4,6,0,17,Fair,At Risk,17-19,0.79,16,Düşük,1
18,male,3.7,All Platforms,7.8,2.5,3.08,1.2,low,10,10,6,0,25,Poor,Moderate,17-19,0.47,26,Yüksek,1
19,female,1.7,Instagram,8.7,1.7,4.0,1.1,high,3,6,3,0,12,Fair,Healthy,17-19,0.2,12,Düşük,0
16,male,3.5,All Platforms,8.1,0.5,3.08,1.3,high,7,9,4,0,21,Fair,Healthy,15-16,0.43,20,Orta,1
16,male,3.8,Facebook,7.9,0.8,3.37,1.3,high,9,7,7,0,23,Poor,Moderate,15-16,0.48,23,Yüksek,1
17,female,4.8,All Platforms,6.8,1.7,4.0,0.3,high,10,7,8,1,27,Good,Healthy,17-19,0.71,25,Yüksek,0
18,male,5.2,Instagram,7.0,1.6,3.56,1.1,low,7,6,4,0,17,Fair,At Risk,17-19,0.74,17,Düşük,1
15,male,5.5,Facebook,7.4,1.4,2.99,1.7,high,5,4,4,0,13,Good,Moderate,15-16,0.74,13,Düşük,1
13,male,1.6,Instagram,8.5,2.6,3.61,0.0,medium,4,5,2,0,10,Good,Healthy,13-14,0.19,11,Düşük,1
19,female,4.5,Instagram,6.5,0.9,2.83,1.5,high,9,6,6,0,23,Poor,Healthy,17-19,0.69,21,Orta,0
17,female,3.9,YouTube,8.3,1.3,3.94,1.8,medium,8,5,5,0,17,Good,Moderate,17-19,0.47,18,Orta,0
13,female,8.5,All Platforms,5.1,0.5,3.13,0.3,high,10,8,10,0,30,Fair,Moderate,13-14,1.67,28,Yüksek,0
16,male,4.3,All Platforms,8.1,2.0,3.38,0.7,medium,9,9,4,0,22,Good,At Risk,15-16,0.53,22,Orta,1
17,male,3.2,Facebook,8.1,0.8,3.84,1.3,low,9,7,1,0,22,Poor,Moderate,17-19,0.4,17,Düşük,1
17,female,4.4,Instagram,6.7,1.9,3.03,0.6,medium,6,7,3,0,15,Good,Moderate,17-19,0.66,16,Düşük,0
14,male,4.2,Instagram,7.6,1.9,2.75,1.7,high,5,6,6,1,20,Fair,At Risk,13-14,0.55,17,Düşük,1
16,male,1.0,Facebook,9.0,2.7,4.0,1.5,high,6,9,3,0,19,Fair,Healthy,15-16,0.11,18,Orta,1
16,female,4.9,TikTok,7.0,1.7,3.62,0.3,low,6,5,3,0,13,Poor,Moderate,15-16,0.7,14,Düşük,0
18,female,3.7,TikTok,7.7,1.1,4.0,0.6,low,4,2,6,0,13,Good,Healthy,17-19,0.48,12,Düşük,0
17,male,4.2,Instagram,7.0,1.6,3.29,1.4,low,10,10,5,0,26,Good,Healthy,17-19,0.6,25,Yüksek,1
19,male,2.8,Instagram,8.1,0.8,3.44,1.4,medium,7,7,3,1,16,Fair,At Risk,17-19,0.35,17,Düşük,1
16,male,2.4,Instagram,8.5,1.5,3.54,2.0,high,6,7,2,0,16,Fair,At Risk,15-16,0.28,15,Düşük,1
17,female,5.6,TikTok,6.3,1.2,3.43,0.6,low,9,7,8,0,26,Fair,Healthy,17-19,0.89,24,Yüksek,0
18,female,6.0,TikTok,5.7,1.3,2.99,1.7,medium,9,9,8,0,27,Good,Moderate,17-19,1.05,26,Yüksek,0
19,female,4.9,TikTok,7.4,0.8,3.24,0.5,high,10,8,6,0,23,Poor,Healthy,17-19,0.66,24,Yüksek,0
18,female,1.3,All Platforms,9.0,1.5,4.0,1.3,medium,2,4,1,0,6,Good,Healthy,17-19,0.14,7,Düşük,0
14,male,5.0,Instagram,6.6,1.8,3.0,1.4,medium,5,5,8,1,18,Fair,Healthy,13-14,0.76,18,Orta,1
19,female,1.3,Instagram,9.0,0.5,4.0,0.0,medium,3,5,2,0,12,Fair,Healthy,17-19,0.14,10,Düşük,0
17,female,3.1,YouTube,6.9,0.9,3.79,1.5,medium,7,5,4,0,14,Poor,Moderate,17-19,0.45,16,Düşük,0
16,female,5.6,TikTok,5.3,1.4,2.42,1.7,low,10,10,6,1,27,Poor,Moderate,15-16,1.06,26,Yüksek,0
16,female,5.3,All Platforms,7.6,0.5,3.0,1.5,medium,10,10,5,1,22,Fair,Moderate,15-16,0.7,25,Yüksek,0
17,female,4.9,Facebook,7.2,2.3,2.46,2.0,medium,9,8,6,0,24,Fair,At Risk,17-19,0.68,23,Yüksek,0
17,male,6.3,TikTok,6.3,0.9,2.98,1.5,high,9,10,8,0,29,Good,Moderate,17-19,1.0,27,Yüksek,1
17,male,5.1,Instagram,7.1,0.7,3.04,0.7,medium,5,6,5,0,20,Poor,Moderate,17-19,0.72,16,Düşük,1
15,female,1.0,All Platforms,9.0,1.2,4.0,1.6,high,6,8,2,1,18,Fair,Healthy,15-16,0.11,16,Düşük,0
19,male,3.6,All Platforms,8.3,1.4,3.11,0.7,low,10,9,4,0,22,Fair,Moderate,17-19,0.43,23,Yüksek,1
16,female,4.1,Instagram,6.7,0.8,3.38,1.0,medium,7,8,6,0,18,Poor,Moderate,15-16,0.61,21,Orta,0
19,female,3.9,YouTube,6.4,1.9,3.64,1.4,low,6,4,4,0,15,Poor,Moderate,17-19,0.61,14,Düşük,0
18,male,3.2,TikTok,8.6,1.5,3.62,1.2,low,6,6,4,0,15,Fair,At Risk,17-19,0.37,16,Düşük,1
16,male,2.6,All Platforms,8.8,0.8,4.0,1.7,medium,7,5,4,0,17,Fair,At Risk,15-16,0.3,16,Düşük,1
15,female,8.0,TikTok,5.9,1.0,3.63,2.0,high,10,9,8,0,26,Fair,Moderate,15-16,1.36,27,Yüksek,0
17,female,3.6,All Platforms,7.1,0.5,3.5,0.4,low,9,9,3,0,21,Fair,At Risk,17-19,0.51,21,Orta,0
14,female,8.0,YouTube,5.8,0.5,2.96,0.8,medium,10,10,7,1,24,Fair,Moderate,13-14,1.38,27,Yüksek,0
17,male,2.4,YouTube,7.8,1.5,3.29,1.2,high,5,6,4,0,13,Poor,Healthy,17-19,0.31,15,Düşük,1
17,female,5.3,Instagram,7.3,0.8,2.8,0.8,low,9,8,5,0,20,Fair,Healthy,17-19,0.73,22,Orta,0
15,female,4.6,TikTok,7.9,2.4,3.72,1.0,medium,7,6,5,1,20,Good,Healthy,15-16,0.58,18,Orta,0
19,female,2.7,TikTok,7.8,1.3,3.96,1.4,medium,10,5,4,0,17,Fair,At Risk,17-19,0.35,19,Orta,0
16,male,3.5,TikTok,8.5,0.5,3.06,1.3,medium,8,8,6,1,25,Good,Healthy,15-16,0.41,22,Orta,1
17,female,4.2,TikTok,7.5,0.6,2.85,1.1,low,5,7,7,0,17,Fair,Healthy,17-19,0.56,19,Orta,0
16,female,2.8,Facebook,8.4,1.9,3.32,1.1,medium,5,6,3,0,18,Good,At Risk,15-16,0.33,14,Düşük,0
13,male,3.8,Instagram,6.7,1.3,3.37,0.9,high,8,7,6,0,17,Good,Healthy,13-14,0.57,21,Orta,1
18,female,1.0,TikTok,9.0,1.9,3.69,1.7,medium,5,6,5,0,17,Fair,Moderate,17-19,0.11,16,Düşük,0
19,female,5.3,All Platforms,6.4,1.1,3.27,1.8,low,9,8,6,0,23,Good,Healthy,17-19,0.83,23,Yüksek,0
16,male,6.2,All Platforms,6.7,1.0,3.44,1.5,high,9,9,6,0,22,Poor,Healthy,15-16,0.93,24,Yüksek,1
14,female,4.9,All Platforms,8.1,2.0,3.45,0.4,low,9,8,5,0,21,Poor,At Risk,13-14,0.6,22,Orta,0
18,male,7.8,All Platforms,5.8,0.8,3.04,0.9,medium,10,8,6,0,23,Good,Healthy,17-19,1.34,24,Yüksek,1
14,male,5.3,TikTok,6.2,1.6,2.22,1.1,low,9,8,7,0,24,Good,Moderate,13-14,0.85,24,Yüksek,1
17,female,6.0,Instagram,6.9,1.2,2.45,0.5,high,10,9,6,1,23,Poor,Healthy,17-19,0.87,25,Yüksek,0
18,female,6.2,Facebook,6.7,1.8,2.75,1.0,medium,10,10,6,0,27,Fair,Moderate,17-19,0.93,26,Yüksek,0
16,female,1.0,YouTube,9.0,2.4,3.6,1.0,medium,4,4,3,0,11,Poor,Healthy,15-16,0.11,11,Düşük,0
18,female,4.9,TikTok,7.2,1.1,3.6,1.5,low,8,7,7,0,24,Fair,At Risk,17-19,0.68,22,Orta,0
17,male,2.0,Facebook,8.1,1.0,3.35,0.8,medium,3,4,2,0,7,Good,Moderate,17-19,0.25,9,Düşük,1
15,female,2.3,TikTok,8.9,1.7,3.92,1.6,high,9,8,2,0,18,Fair,At Risk,15-16,0.26,19,Orta,0
19,male,2.6,TikTok,8.1,0.7,3.3,0.5,high,2,4,2,0,11,Fair,Healthy,17-19,0.32,8,Düşük,1
14,female,3.7,YouTube,7.7,2.3,2.96,0.6,medium,10,10,8,0,26,Fair,Healthy,13-14,0.48,28,Yüksek,0
17,female,5.2,YouTube,6.3,2.2,2.76,0.8,medium,8,7,8,0,20,Poor,Healthy,17-19,0.83,23,Yüksek,0
15,female,4.9,YouTube,7.0,0.7,4.0,1.0,medium,9,9,6,1,23,Fair,Healthy,15-16,0.7,24,Yüksek,0
18,male,4.2,TikTok,7.4,0.5,3.05,0.0,high,7,4,4,0,11,Fair,At Risk,17-19,0.57,15,Düşük,1
18,female,5.4,All Platforms,6.7,0.6,3.47,1.2,medium,8,7,5,0,23,Good,Moderate,17-19,0.81,20,Orta,0
17,female,5.5,TikTok,6.3,0.6,2.55,1.9,medium,10,10,6,1,25,Good,At Risk,17-19,0.87,26,Yüksek,0
16,female,4.9,TikTok,7.3,1.8,3.83,1.3,medium,5,5,9,0,18,Poor,At Risk,15-16,0.67,19,Orta,0
18,female,1.4,All Platforms,8.2,2.2,3.93,0.9,medium,4,6,3,0,14,Good,At Risk,17-19,0.17,13,Düşük,0
16,male,3.0,All Platforms,7.2,1.8,3.66,0.5,low,5,5,4,0,13,Good,Moderate,15-16,0.42,14,Düşük,1
16,female,4.2,All Platforms,7.9,1.2,3.54,0.1,medium,8,8,1,0,17,Good,Moderate,15-16,0.53,17,Düşük,0
19,male,5.4,Facebook,7.2,1.5,3.4,0.2,medium,8,10,6,0,22,Fair,At Risk,17-19,0.75,24,Yüksek,1
16,male,2.1,YouTube,7.5,0.8,4.0,0.9,high,7,5,1,0,9,Fair,At Risk,15-16,0.28,13,Düşük,1
13,male,4.2,YouTube,6.1,2.0,3.13,2.0,low,8,10,4,1,22,Fair,At Risk,13-14,0.69,22,Orta,1
19,male,1.7,TikTok,7.4,1.6,3.48,0.0,medium,7,5,3,0,17,Poor,Healthy,17-19,0.23,15,Düşük,1
15,male,5.8,Instagram,6.5,1.8,3.15,1.4,medium,7,6,6,1,19,Poor,Healthy,15-16,0.89,19,Orta,1
15,male,4.6,Instagram,8.0,0.9,3.58,0.7,medium,8,6,4,1,20,Poor,Healthy,15-16,0.57,18,Orta,1
18,female,2.0,TikTok,8.4,1.2,3.67,0.8,low,8,7,2,0,15,Fair,Moderate,17-19,0.24,17,Düşük,0
18,male,2.0,YouTube,8.0,1.7,4.0,0.5,medium,7,6,2,0,13,Good,Moderate,17-19,0.25,15,Düşük,1
16,male,4.8,TikTok,7.2,2.2,3.53,0.3,medium,5,4,5,0,11,Fair,Healthy,15-16,0.67,14,Düşük,1
19,male,6.4,TikTok,6.2,0.9,2.95,1.1,medium,7,5,7,0,20,Poor,Moderate,17-19,1.03,19,Orta,1
19,female,2.4,TikTok,7.3,1.8,2.94,1.1,medium,6,7,3,0,15,Good,Moderate,17-19,0.33,16,Düşük,0
13,female,5.5,YouTube,5.8,0.9,2.97,1.3,medium,8,7,8,0,22,Good,At Risk,13-14,0.95,23,Yüksek,0
16,male,3.3,TikTok,6.9,2.6,4.0,0.2,high,7,6,1,1,15,Good,At Risk,15-16,0.48,14,Düşük,1
13,female,5.5,All Platforms,8.5,1.1,3.31,1.4,low,10,9,6,0,24,Good,Moderate,13-14,0.65,25,Yüksek,0
16,male,5.3,Instagram,7.5,1.7,2.95,1.4,high,9,6,6,0,23,Fair,Moderate,15-16,0.71,21,Orta,1
14,male,4.4,Instagram,6.9,1.4,3.44,1.2,medium,8,8,5,0,21,Good,Healthy,13-14,0.64,21,Orta,1
14,female,1.3,YouTube,9.0,2.9,4.0,0.8,low,6,6,1,0,12,Poor,At Risk,13-14,0.14,13,Düşük,0
17,male,5.3,Facebook,6.5,1.4,2.95,1.2,low,10,9,6,1,22,Fair,At Risk,17-19,0.82,25,Yüksek,1
16,female,5.0,Instagram,7.8,1.0,3.74,0.9,medium,2,4,3,0,10,Poor,Healthy,15-16,0.64,9,Düşük,0
19,female,4.9,YouTube,7.1,1.7,3.46,1.5,high,7,9,6,0,23,Poor,At Risk,17-19,0.69,22,Orta,0
18,male,4.5,YouTube,6.8,1.7,2.89,0.8,medium,6,7,6,0,20,Poor,Moderate,17-19,0.66,19,Orta,1
15,male,2.8,TikTok,8.6,1.2,3.92,1.1,high,7,7,2,0,17,Fair,Healthy,15-16,0.33,16,Düşük,1
17,female,5.9,All Platforms,6.6,0.6,2.95,0.1,medium,8,6,9,0,22,Good,At Risk,17-19,0.89,23,Yüksek,0
18,male,5.6,Facebook,7.0,1.0,3.09,1.2,medium,9,5,6,0,20,Fair,At Risk,17-19,0.8,20,Orta,1
14,male,2.5,YouTube,8.4,1.8,3.22,0.6,low,8,8,3,0,18,Poor,Moderate,13-14,0.3,19,Orta,1
16,male,6.3,All Platforms,6.5,0.5,3.31,1.3,medium,8,6,9,1,26,Good,Moderate,15-16,0.97,23,Yüksek,1
17,female,4.4,All Platforms,7.9,1.2,3.28,1.4,medium,8,4,8,0,19,Fair,Moderate,17-19,0.56,20,Orta,0
16,female,4.4,YouTube,9.0,1.9,3.61,0.7,low,10,8,3,0,20,Fair,Healthy,15-16,0.49,21,Orta,0
14,male,3.9,Facebook,8.4,1.2,3.19,1.0,low,9,9,4,1,25,Good,At Risk,13-14,0.46,22,Orta,1
17,female,4.1,YouTube,7.6,2.6,3.12,1.1,medium,4,6,5,1,17,Fair,Moderate,17-19,0.54,15,Düşük,0
14,female,6.4,YouTube,6.1,0.5,2.74,1.2,medium,9,10,6,1,25,Fair,Moderate,13-14,1.05,25,Yüksek,0
13,female,5.9,YouTube,6.4,0.7,3.27,1.4,high,9,10,8,0,27,Good,At Risk,13-14,0.92,27,Yüksek,0
14,female,5.8,Facebook,5.7,0.5,2.86,1.3,high,10,10,5,0,24,Fair,Moderate,13-14,1.02,25,Yüksek,0
19,female,4.5,TikTok,7.7,2.5,3.24,0.8,medium,7,5,7,0,19,Fair,Moderate,17-19,0.58,19,Orta,0
19,male,5.6,All Platforms,6.0,0.7,2.95,1.8,medium,7,7,7,0,19,Good,Moderate,17-19,0.93,21,Orta,1
16,male,2.9,All Platforms,7.8,0.5,3.74,1.4,medium,6,7,5,0,19,Good,At Risk,15-16,0.37,18,Orta,1
15,male,5.1,TikTok,7.4,0.9,2.54,1.7,high,6,6,4,0,19,Poor,Moderate,15-16,0.69,16,Düşük,1
14,female,4.0,Facebook,7.3,0.5,3.5,1.2,low,9,8,4,1,22,Poor,Moderate,13-14,0.55,21,Orta,0
18,female,1.0,TikTok,8.7,0.9,4.0,1.2,medium,9,8,3,0,18,Poor,Healthy,17-19,0.11,20,Orta,0
19,male,1.7,Instagram,7.8,1.3,4.0,0.9,high,6,7,4,0,18,Fair,At Risk,17-19,0.22,17,Düşük,1
15,female,3.1,Facebook,8.8,1.8,3.29,0.8,medium,6,6,3,0,15,Fair,Moderate,15-16,0.35,15,Düşük,0
13,male,4.9,TikTok,6.5,1.2,3.46,1.5,medium,10,8,5,0,24,Poor,Moderate,13-14,0.75,23,Yüksek,1
17,male,3.1,Facebook,7.5,1.3,3.66,1.1,medium,8,5,3,0,14,Good,Healthy,17-19,0.41,16,Düşük,1
17,male,3.3,Facebook,6.6,1.0,4.0,0.9,low,6,6,4,0,16,Fair,Moderate,17-19,0.5,16,Düşük,1
19,female,5.4,Instagram,6.8,0.5,2.19,0.5,medium,8,8,4,1,22,Poor,Healthy,17-19,0.79,20,Orta,0
15,female,3.3,TikTok,7.6,0.5,3.95,1.8,medium,5,6,2,0,11,Fair,Healthy,15-16,0.43,13,Düşük,0
19,male,6.3,Instagram,6.5,1.1,2.95,1.1,low,9,10,8,1,26,Good,Healthy,17-19,0.97,27,Yüksek,1
17,male,6.1,YouTube,5.6,1.4,2.79,0.4,low,9,10,6,0,24,Poor,Moderate,17-19,1.09,25,Yüksek,1
14,male,4.2,All Platforms,7.9,1.0,3.06,1.0,high,6,6,7,0,21,Fair,Moderate,13-14,0.53,19,Orta,1
15,male,5.4,YouTube,5.5,0.5,2.67,0.9,low,6,6,7,0,21,Good,Healthy,15-16,0.98,19,Orta,1
16,female,5.2,TikTok,6.8,1.4,2.97,0.9,medium,6,7,6,0,15,Fair,Healthy,15-16,0.76,19,Orta,0
14,female,3.8,YouTube,7.7,2.3,3.0,1.3,low,8,8,3,0,21,Fair,Healthy,13-14,0.49,19,Orta,0
14,male,5.6,YouTube,6.7,1.2,3.23,0.9,high,8,7,4,0,21,Fair,Moderate,13-14,0.84,19,Orta,1
14,male,5.8,Facebook,6.7,1.0,3.37,0.8,low,8,9,6,0,25,Poor,At Risk,13-14,0.87,23,Yüksek,1
16,female,2.7,TikTok,8.7,1.3,3.49,1.7,medium,7,7,6,0,19,Poor,Moderate,15-16,0.31,20,Orta,0
13,female,4.4,Facebook,8.2,0.6,3.94,0.1,high,6,6,6,0,18,Fair,Healthy,13-14,0.54,18,Orta,0
18,male,4.4,YouTube,7.2,0.6,3.38,1.0,high,5,6,4,0,12,Poor,Moderate,17-19,0.61,15,Düşük,1
19,male,5.6,All Platforms,6.0,1.6,3.04,1.5,low,9,8,5,0,18,Poor,Moderate,17-19,0.93,22,Orta,1
17,male,3.5,Instagram,8.1,1.9,3.29,1.3,high,3,4,3,0,9,Good,Healthy,17-19,0.43,10,Düşük,1
19,female,3.2,YouTube,7.7,1.2,3.76,1.5,medium,6,7,2,0,15,Good,Moderate,17-19,0.42,15,Düşük,0
15,female,4.5,All Platforms,8.1,0.5,3.6,2.0,medium,10,10,5,0,25,Good,Healthy,15-16,0.56,25,Yüksek,0
13,female,6.1,TikTok,6.0,1.5,3.28,1.8,low,6,7,9,0,24,Good,Moderate,13-14,1.02,22,Orta,0
15,male,2.3,All Platforms,7.7,2.5,3.61,0.4,low,5,6,6,1,23,Poor,Moderate,15-16,0.3,17,Düşük,1
19,male,2.6,YouTube,8.3,1.2,3.07,0.2,medium,2,1,4,0,6,Good,Moderate,17-19,0.31,7,Düşük,1
17,female,3.4,TikTok,6.6,1.2,3.36,1.2,medium,6,7,3,0,14,Poor,Healthy,17-19,0.52,16,Düşük,0
16,female,3.7,Instagram,7.3,0.8,4.0,0.3,medium,10,10,2,1,23,Good,At Risk,15-16,0.51,22,Orta,0
19,male,1.4,YouTube,8.6,1.6,4.0,0.0,medium,6,7,4,0,17,Good,At Risk,17-19,0.16,17,Düşük,1
14,female,6.6,TikTok,6.4,0.9,3.13,1.2,high,8,6,8,0,21,Good,Healthy,13-14,1.03,22,Orta,0
19,female,4.0,YouTube,6.8,1.9,3.25,1.3,low,10,6,4,1,22,Good,At Risk,17-19,0.59,20,Orta,0
14,male,3.8,Instagram,7.0,0.9,3.42,1.9,medium,4,6,4,0,12,Fair,Moderate,13-14,0.54,14,Düşük,1
16,female,6.8,YouTube,6.9,1.5,2.83,1.4,low,10,7,8,0,25,Fair,Moderate,15-16,0.99,25,Yüksek,0
19,male,5.3,TikTok,6.8,1.3,3.68,2.0,high,8,9,5,1,22,Fair,Moderate,17-19,0.78,22,Orta,1
13,male,3.3,All Platforms,8.5,2.2,3.17,1.2,medium,6,5,4,0,13,Fair,Moderate,13-14,0.39,15,Düşük,1
13,male,4.5,All Platforms,6.9,1.5,3.69,0.4,high,9,7,3,0,16,Poor,At Risk,13-14,0.65,19,Orta,1
15,male,4.1,All Platforms,7.4,2.1,3.17,1.4,low,5,6,8,0,19,Fair,Moderate,15-16,0.55,19,Orta,1
16,male,6.5,Facebook,6.4,1.4,3.55,1.7,low,10,10,6,0,29,Good,Moderate,15-16,1.02,26,Yüksek,1
13,male,3.9,TikTok,8.8,1.2,3.59,1.2,low,7,8,5,0,22,Poor,Healthy,13-14,0.44,20,Orta,1
